path,text,province,label,split,img_path
/home/wzzz/LPRNet/datasets/police_bluebase_cvstrict_20260603/train_京K3574警.jpg,京K3574警,京,0,train,/home/wzzz/LPRNet/datasets/police_bluebase_cvstrict_20260603/train_京K3574警.jpg
/home/wzzz/LPRNet/datasets/police_bluebase_cvstrict_20260603/train_京C1268警.jpg,京C1268警,京,0,train,/home/wzzz/LPRNet/datasets/police_bluebase_cvstrict_20260603/train_京C1268警.jpg
/home/wzzz/LPRNet/datasets/police_bluebase_cvstrict_20260603/train_京J0120警.jpg,京J0120警,京,0,train,/home/wzzz/LPRNet/datasets/police_bluebase_cvstrict_20260603/train_京J0120警.jpg
/home/wzzz/LPRNet/datasets/police_bluebase_cvstrict_20260603/train_京L0301警.jpg,京L0301警,京,0,train,/home/wzzz/LPRNet/datasets/police_bluebase_cvstrict_20260603/train_京L0301警.jpg
/home/wzzz/LPRNet/datasets/police_bluebase_cvstrict_20260603/train_京Z7022警.jpg,京Z7022警,京,0,train,/home/wzzz/LPRNet/datasets/police_bluebase_cvstrict_20260603/train_京Z7022警.jpg
/home/wzzz/LPRNet/datasets/police_bluebase_cvstrict_20260603/train_京Z4109警.jpg,京Z4109警,京,0,train,/home/wzzz/LPRNet/datasets/police_bluebase_cvstrict_20260603/train_京Z4109警.jpg
/home/wzzz/LPRNet/datasets/police_bluebase_cvstrict_20260603/train_京S6969警.jpg,京S6969警,京,0,train,/home/wzzz/LPRNet/datasets/police_bluebase_cvstrict_20260603/train_京S6969警.jpg
/home/wzzz/LPRNet/datasets/police_bluebase_cvstrict_20260603/train_京M8643警.jpg,京M8643警,京,0,train,/home/wzzz/LPRNet/datasets/police_bluebase_cvstrict_20260603/train_京M8643警.jpg
/home/wzzz/LPRNet/datasets/police_bluebase_cvstrict_20260603/train_京P7843警.jpg,京P7843警,京,0,train,/home/wzzz/LPRNet/datasets/police_bluebase_cvstrict_20260603/train_京P7843警.jpg
/home/wzzz/LPRNet/datasets/police_bluebase_cvstrict_20260603/train_京K3822警.jpg,京K3822警,京,0,train,/home/wzzz/LPRNet/datasets/police_bluebase_cvstrict_20260603/train_京K3822警.jpg
/home/wzzz/LPRNet/datasets/police_bluebase_cvstrict_20260603/train_京V2276警.jpg,京V2276警,京,0,train,/home/wzzz/LPRNet/datasets/police_bluebase_cvstrict_20260603/train_京V2276警.jpg
/home/wzzz/LPRNet/datasets/police_bluebase_cvstrict_20260603/train_京X7472警.jpg,京X7472警,京,0,train,/home/wzzz/LPRNet/datasets/police_bluebase_cvstrict_20260603/train_京X7472警.jpg
/home/wzzz/LPRNet/datasets/police_bluebase_cvstrict_20260603/train_京V0622警.jpg,京V0622警,京,0,train,/home/wzzz/LPRNet/datasets/police_bluebase_cvstrict_20260603/train_京V0622警.jpg
/home/wzzz/LPRNet/datasets/police_bluebase_cvstrict_20260603/train_京T2823警.jpg,京T2823警,京,0,train,/home/wzzz/LPRNet/datasets/police_bluebase_cvstrict_20260603/train_京T2823警.jpg
/home/wzzz/LPRNet/datasets/police_bluebase_cvstrict_20260603/train_京V7006警.jpg,京V7006警,京,0,train,/home/wzzz/LPRNet/datasets/police_bluebase_cvstrict_20260603/train_京V7006警.jpg
/home/wzzz/LPRNet/datasets/police_bluebase_cvstrict_20260603/train_京V0495警.jpg,京V0495警,京,0,train,/home/wzzz/LPRNet/datasets/police_bluebase_cvstrict_20260603/train_京V0495警.jpg
/home/wzzz/LPRNet/datasets/police_bluebase_cvstrict_20260603/train_京A9242警.jpg,京A9242警,京,0,train,/home/wzzz/LPRNet/datasets/police_bluebase_cvstrict_20260603/train_京A9242警.jpg
/home/wzzz/LPRNet/datasets/police_bluebase_cvstrict_20260603/train_京U5472警.jpg,京U5472警,京,0,train,/home/wzzz/LPRNet/datasets/police_bluebase_cvstrict_20260603/train_京U5472警.jpg
/home/wzzz/LPRNet/datasets/police_bluebase_cvstrict_20260603/train_京Q8446警.jpg,京Q8446警,京,0,train,/home/wzzz/LPRNet/datasets/police_bluebase_cvstrict_20260603/train_京Q8446警.jpg
/home/wzzz/LPRNet/datasets/police_bluebase_cvstrict_20260603/train_京B7527警.jpg,京B7527警,京,0,train,/home/wzzz/LPRNet/datasets/police_bluebase_cvstrict_20260603/train_京B7527警.jpg
/home/wzzz/LPRNet/datasets/police_bluebase_cvstrict_20260603/train_京Z5885警.jpg,京Z5885警,京,0,train,/home/wzzz/LPRNet/datasets/police_bluebase_cvstrict_20260603/train_京Z5885警.jpg
/home/wzzz/LPRNet/datasets/police_bluebase_cvstrict_20260603/train_京E4541警.jpg,京E4541警,京,0,train,/home/wzzz/LPRNet/datasets/police_bluebase_cvstrict_20260603/train_京E4541警.jpg
/home/wzzz/LPRNet/datasets/police_bluebase_cvstrict_20260603/train_京X8006警.jpg,京X8006警,京,0,train,/home/wzzz/LPRNet/datasets/police_bluebase_cvstrict_20260603/train_京X8006警.jpg
/home/wzzz/LPRNet/datasets/police_bluebase_cvstrict_20260603/train_京W0160警.jpg,京W0160警,京,0,train,/home/wzzz/LPRNet/datasets/police_bluebase_cvstrict_20260603/train_京W0160警.jpg
/home/wzzz/LPRNet/datasets/police_bluebase_cvstrict_20260603/train_京V1007警.jpg,京V1007警,京,0,train,/home/wzzz/LPRNet/datasets/police_bluebase_cvstrict_20260603/train_京V1007警.jpg
/home/wzzz/LPRNet/datasets/police_bluebase_cvstrict_20260603/train_京L5615警.jpg,京L5615警,京,0,train,/home/wzzz/LPRNet/datasets/police_bluebase_cvstrict_20260603/train_京L5615警.jpg
/home/wzzz/LPRNet/datasets/police_bluebase_cvstrict_20260603/train_京Y8640警.jpg,京Y8640警,京,0,train,/home/wzzz/LPRNet/datasets/police_bluebase_cvstrict_20260603/train_京Y8640警.jpg
/home/wzzz/LPRNet/datasets/police_bluebase_cvstrict_20260603/train_京N0606警.jpg,京N0606警,京,0,train,/home/wzzz/LPRNet/datasets/police_bluebase_cvstrict_20260603/train_京N0606警.jpg
/home/wzzz/LPRNet/datasets/police_bluebase_cvstrict_20260603/train_京B7007警.jpg,京B7007警,京,0,train,/home/wzzz/LPRNet/datasets/police_bluebase_cvstrict_20260603/train_京B7007警.jpg
/home/wzzz/LPRNet/datasets/police_bluebase_cvstrict_20260603/train_京B6765警.jpg,京B6765警,京,0,train,/home/wzzz/LPRNet/datasets/police_bluebase_cvstrict_20260603/train_京B6765警.jpg
/home/wzzz/LPRNet/datasets/police_bluebase_cvstrict_20260603/train_京B0869警.jpg,京B0869警,京,0,train,/home/wzzz/LPRNet/datasets/police_bluebase_cvstrict_20260603/train_京B0869警.jpg
/home/wzzz/LPRNet/datasets/police_bluebase_cvstrict_20260603/train_京N2921警.jpg,京N2921警,京,0,train,/home/wzzz/LPRNet/datasets/police_bluebase_cvstrict_20260603/train_京N2921警.jpg
/home/wzzz/LPRNet/datasets/police_bluebase_cvstrict_20260603/train_京Z5502警.jpg,京Z5502警,京,0,train,/home/wzzz/LPRNet/datasets/police_bluebase_cvstrict_20260603/train_京Z5502警.jpg
/home/wzzz/LPRNet/datasets/police_bluebase_cvstrict_20260603/train_京A5810警.jpg,京A5810警,京,0,train,/home/wzzz/LPRNet/datasets/police_bluebase_cvstrict_20260603/train_京A5810警.jpg
/home/wzzz/LPRNet/datasets/police_bluebase_cvstrict_20260603/train_京U6629警.jpg,京U6629警,京,0,train,/home/wzzz/LPRNet/datasets/police_bluebase_cvstrict_20260603/train_京U6629警.jpg
/home/wzzz/LPRNet/datasets/police_bluebase_cvstrict_20260603/train_京B3240警.jpg,京B3240警,京,0,train,/home/wzzz/LPRNet/datasets/police_bluebase_cvstrict_20260603/train_京B3240警.jpg
/home/wzzz/LPRNet/datasets/police_bluebase_cvstrict_20260603/train_京M2457警.jpg,京M2457警,京,0,train,/home/wzzz/LPRNet/datasets/police_bluebase_cvstrict_20260603/train_京M2457警.jpg
/home/wzzz/LPRNet/datasets/police_bluebase_cvstrict_20260603/train_京X1194警.jpg,京X1194警,京,0,train,/home/wzzz/LPRNet/datasets/police_bluebase_cvstrict_20260603/train_京X1194警.jpg
/home/wzzz/LPRNet/datasets/police_bluebase_cvstrict_20260603/train_京J2767警.jpg,京J2767警,京,0,train,/home/wzzz/LPRNet/datasets/police_bluebase_cvstrict_20260603/train_京J2767警.jpg
/home/wzzz/LPRNet/datasets/police_bluebase_cvstrict_20260603/train_京S3982警.jpg,京S3982警,京,0,train,/home/wzzz/LPRNet/datasets/police_bluebase_cvstrict_20260603/train_京S3982警.jpg
/home/wzzz/LPRNet/datasets/police_bluebase_cvstrict_20260603/train_京R9178警.jpg,京R9178警,京,0,train,/home/wzzz/LPRNet/datasets/police_bluebase_cvstrict_20260603/train_京R9178警.jpg
/home/wzzz/LPRNet/datasets/police_bluebase_cvstrict_20260603/train_京W7758警.jpg,京W7758警,京,0,train,/home/wzzz/LPRNet/datasets/police_bluebase_cvstrict_20260603/train_京W7758警.jpg
/home/wzzz/LPRNet/datasets/police_bluebase_cvstrict_20260603/train_京N3960警.jpg,京N3960警,京,0,train,/home/wzzz/LPRNet/datasets/police_bluebase_cvstrict_20260603/train_京N3960警.jpg
/home/wzzz/LPRNet/datasets/police_bluebase_cvstrict_20260603/train_京C3533警.jpg,京C3533警,京,0,train,/home/wzzz/LPRNet/datasets/police_bluebase_cvstrict_20260603/train_京C3533警.jpg
/home/wzzz/LPRNet/datasets/police_bluebase_cvstrict_20260603/train_京K3439警.jpg,京K3439警,京,0,train,/home/wzzz/LPRNet/datasets/police_bluebase_cvstrict_20260603/train_京K3439警.jpg
/home/wzzz/LPRNet/datasets/police_bluebase_cvstrict_20260603/train_京P5967警.jpg,京P5967警,京,0,train,/home/wzzz/LPRNet/datasets/police_bluebase_cvstrict_20260603/train_京P5967警.jpg
/home/wzzz/LPRNet/datasets/police_bluebase_cvstrict_20260603/train_京Z1534警.jpg,京Z1534警,京,0,train,/home/wzzz/LPRNet/datasets/police_bluebase_cvstrict_20260603/train_京Z1534警.jpg
/home/wzzz/LPRNet/datasets/police_bluebase_cvstrict_20260603/train_京V4096警.jpg,京V4096警,京,0,train,/home/wzzz/LPRNet/datasets/police_bluebase_cvstrict_20260603/train_京V4096警.jpg
/home/wzzz/LPRNet/datasets/police_bluebase_cvstrict_20260603/train_京Z0496警.jpg,京Z0496警,京,0,train,/home/wzzz/LPRNet/datasets/police_bluebase_cvstrict_20260603/train_京Z0496警.jpg
/home/wzzz/LPRNet/datasets/police_bluebase_cvstrict_20260603/train_京P4902警.jpg,京P4902警,京,0,train,/home/wzzz/LPRNet/datasets/police_bluebase_cvstrict_20260603/train_京P4902警.jpg
/home/wzzz/LPRNet/datasets/police_bluebase_cvstrict_20260603/train_沪K6752警.jpg,沪K6752警,沪,1,train,/home/wzzz/LPRNet/datasets/police_bluebase_cvstrict_20260603/train_沪K6752警.jpg
/home/wzzz/LPRNet/datasets/police_bluebase_cvstrict_20260603/train_沪E6502警.jpg,沪E6502警,沪,1,train,/home/wzzz/LPRNet/datasets/police_bluebase_cvstrict_20260603/train_沪E6502警.jpg
/home/wzzz/LPRNet/datasets/police_bluebase_cvstrict_20260603/train_沪T6603警.jpg,沪T6603警,沪,1,train,/home/wzzz/LPRNet/datasets/police_bluebase_cvstrict_20260603/train_沪T6603警.jpg
/home/wzzz/LPRNet/datasets/police_bluebase_cvstrict_20260603/train_沪T9272警.jpg,沪T9272警,沪,1,train,/home/wzzz/LPRNet/datasets/police_bluebase_cvstrict_20260603/train_沪T9272警.jpg
/home/wzzz/LPRNet/datasets/police_bluebase_cvstrict_20260603/train_沪G1330警.jpg,沪G1330警,沪,1,train,/home/wzzz/LPRNet/datasets/police_bluebase_cvstrict_20260603/train_沪G1330警.jpg
/home/wzzz/LPRNet/datasets/police_bluebase_cvstrict_20260603/train_沪W3301警.jpg,沪W3301警,沪,1,train,/home/wzzz/LPRNet/datasets/police_bluebase_cvstrict_20260603/train_沪W3301警.jpg
/home/wzzz/LPRNet/datasets/police_bluebase_cvstrict_20260603/train_沪Y6301警.jpg,沪Y6301警,沪,1,train,/home/wzzz/LPRNet/datasets/police_bluebase_cvstrict_20260603/train_沪Y6301警.jpg
/home/wzzz/LPRNet/datasets/police_bluebase_cvstrict_20260603/train_沪Y8159警.jpg,沪Y8159警,沪,1,train,/home/wzzz/LPRNet/datasets/police_bluebase_cvstrict_20260603/train_沪Y8159警.jpg
/home/wzzz/LPRNet/datasets/police_bluebase_cvstrict_20260603/train_沪Y0721警.jpg,沪Y0721警,沪,1,train,/home/wzzz/LPRNet/datasets/police_bluebase_cvstrict_20260603/train_沪Y0721警.jpg
/home/wzzz/LPRNet/datasets/police_bluebase_cvstrict_20260603/train_沪S5720警.jpg,沪S5720警,沪,1,train,/home/wzzz/LPRNet/datasets/police_bluebase_cvstrict_20260603/train_沪S5720警.jpg
/home/wzzz/LPRNet/datasets/police_bluebase_cvstrict_20260603/train_沪D9796警.jpg,沪D9796警,沪,1,train,/home/wzzz/LPRNet/datasets/police_bluebase_cvstrict_20260603/train_沪D9796警.jpg
/home/wzzz/LPRNet/datasets/police_bluebase_cvstrict_20260603/train_沪U1113警.jpg,沪U1113警,沪,1,train,/home/wzzz/LPRNet/datasets/police_bluebase_cvstrict_20260603/train_沪U1113警.jpg
/home/wzzz/LPRNet/datasets/police_bluebase_cvstrict_20260603/train_沪R8818警.jpg,沪R8818警,沪,1,train,/home/wzzz/LPRNet/datasets/police_bluebase_cvstrict_20260603/train_沪R8818警.jpg
/home/wzzz/LPRNet/datasets/police_bluebase_cvstrict_20260603/train_沪P5215警.jpg,沪P5215警,沪,1,train,/home/wzzz/LPRNet/datasets/police_bluebase_cvstrict_20260603/train_沪P5215警.jpg
/home/wzzz/LPRNet/datasets/police_bluebase_cvstrict_20260603/train_沪G5384警.jpg,沪G5384警,沪,1,train,/home/wzzz/LPRNet/datasets/police_bluebase_cvstrict_20260603/train_沪G5384警.jpg
/home/wzzz/LPRNet/datasets/police_bluebase_cvstrict_20260603/train_沪K1271警.jpg,沪K1271警,沪,1,train,/home/wzzz/LPRNet/datasets/police_bluebase_cvstrict_20260603/train_沪K1271警.jpg
/home/wzzz/LPRNet/datasets/police_bluebase_cvstrict_20260603/train_沪U5026警.jpg,沪U5026警,沪,1,train,/home/wzzz/LPRNet/datasets/police_bluebase_cvstrict_20260603/train_沪U5026警.jpg
/home/wzzz/LPRNet/datasets/police_bluebase_cvstrict_20260603/train_沪Z6544警.jpg,沪Z6544警,沪,1,train,/home/wzzz/LPRNet/datasets/police_bluebase_cvstrict_20260603/train_沪Z6544警.jpg
/home/wzzz/LPRNet/datasets/police_bluebase_cvstrict_20260603/train_沪C9619警.jpg,沪C9619警,沪,1,train,/home/wzzz/LPRNet/datasets/police_bluebase_cvstrict_20260603/train_沪C9619警.jpg
/home/wzzz/LPRNet/datasets/police_bluebase_cvstrict_20260603/train_沪G8633警.jpg,沪G8633警,沪,1,train,/home/wzzz/LPRNet/datasets/police_bluebase_cvstrict_20260603/train_沪G8633警.jpg
/home/wzzz/LPRNet/datasets/police_bluebase_cvstrict_20260603/train_沪B7759警.jpg,沪B7759警,沪,1,train,/home/wzzz/LPRNet/datasets/police_bluebase_cvstrict_20260603/train_沪B7759警.jpg
/home/wzzz/LPRNet/datasets/police_bluebase_cvstrict_20260603/train_沪A8903警.jpg,沪A8903警,沪,1,train,/home/wzzz/LPRNet/datasets/police_bluebase_cvstrict_20260603/train_沪A8903警.jpg
/home/wzzz/LPRNet/datasets/police_bluebase_cvstrict_20260603/train_沪B3292警.jpg,沪B3292警,沪,1,train,/home/wzzz/LPRNet/datasets/police_bluebase_cvstrict_20260603/train_沪B3292警.jpg
/home/wzzz/LPRNet/datasets/police_bluebase_cvstrict_20260603/train_沪G6288警.jpg,沪G6288警,沪,1,train,/home/wzzz/LPRNet/datasets/police_bluebase_cvstrict_20260603/train_沪G6288警.jpg
/home/wzzz/LPRNet/datasets/police_bluebase_cvstrict_20260603/train_沪B2039警.jpg,沪B2039警,沪,1,train,/home/wzzz/LPRNet/datasets/police_bluebase_cvstrict_20260603/train_沪B2039警.jpg
/home/wzzz/LPRNet/datasets/police_bluebase_cvstrict_20260603/train_沪M4270警.jpg,沪M4270警,沪,1,train,/home/wzzz/LPRNet/datasets/police_bluebase_cvstrict_20260603/train_沪M4270警.jpg
/home/wzzz/LPRNet/datasets/police_bluebase_cvstrict_20260603/train_沪J3718警.jpg,沪J3718警,沪,1,train,/home/wzzz/LPRNet/datasets/police_bluebase_cvstrict_20260603/train_沪J3718警.jpg
/home/wzzz/LPRNet/datasets/police_bluebase_cvstrict_20260603/train_沪A1515警.jpg,沪A1515警,沪,1,train,/home/wzzz/LPRNet/datasets/police_bluebase_cvstrict_20260603/train_沪A1515警.jpg
/home/wzzz/LPRNet/datasets/police_bluebase_cvstrict_20260603/train_沪K8131警.jpg,沪K8131警,沪,1,train,/home/wzzz/LPRNet/datasets/police_bluebase_cvstrict_20260603/train_沪K8131警.jpg
/home/wzzz/LPRNet/datasets/police_bluebase_cvstrict_20260603/train_沪W7456警.jpg,沪W7456警,沪,1,train,/home/wzzz/LPRNet/datasets/police_bluebase_cvstrict_20260603/train_沪W7456警.jpg
/home/wzzz/LPRNet/datasets/police_bluebase_cvstrict_20260603/train_沪N3048警.jpg,沪N3048警,沪,1,train,/home/wzzz/LPRNet/datasets/police_bluebase_cvstrict_20260603/train_沪N3048警.jpg
/home/wzzz/LPRNet/datasets/police_bluebase_cvstrict_20260603/train_沪E8070警.jpg,沪E8070警,沪,1,train,/home/wzzz/LPRNet/datasets/police_bluebase_cvstrict_20260603/train_沪E8070警.jpg
/home/wzzz/LPRNet/datasets/police_bluebase_cvstrict_20260603/train_沪D8941警.jpg,沪D8941警,沪,1,train,/home/wzzz/LPRNet/datasets/police_bluebase_cvstrict_20260603/train_沪D8941警.jpg
/home/wzzz/LPRNet/datasets/police_bluebase_cvstrict_20260603/train_沪Z1560警.jpg,沪Z1560警,沪,1,train,/home/wzzz/LPRNet/datasets/police_bluebase_cvstrict_20260603/train_沪Z1560警.jpg
/home/wzzz/LPRNet/datasets/police_bluebase_cvstrict_20260603/train_沪K1871警.jpg,沪K1871警,沪,1,train,/home/wzzz/LPRNet/datasets/police_bluebase_cvstrict_20260603/train_沪K1871警.jpg
/home/wzzz/LPRNet/datasets/police_bluebase_cvstrict_20260603/train_沪D2053警.jpg,沪D2053警,沪,1,train,/home/wzzz/LPRNet/datasets/police_bluebase_cvstrict_20260603/train_沪D2053警.jpg
/home/wzzz/LPRNet/datasets/police_bluebase_cvstrict_20260603/train_沪D2850警.jpg,沪D2850警,沪,1,train,/home/wzzz/LPRNet/datasets/police_bluebase_cvstrict_20260603/train_沪D2850警.jpg
/home/wzzz/LPRNet/datasets/police_bluebase_cvstrict_20260603/train_沪A7959警.jpg,沪A7959警,沪,1,train,/home/wzzz/LPRNet/datasets/police_bluebase_cvstrict_20260603/train_沪A7959警.jpg
/home/wzzz/LPRNet/datasets/police_bluebase_cvstrict_20260603/train_沪Z6791警.jpg,沪Z6791警,沪,1,train,/home/wzzz/LPRNet/datasets/police_bluebase_cvstrict_20260603/train_沪Z6791警.jpg
/home/wzzz/LPRNet/datasets/police_bluebase_cvstrict_20260603/train_沪D8288警.jpg,沪D8288警,沪,1,train,/home/wzzz/LPRNet/datasets/police_bluebase_cvstrict_20260603/train_沪D8288警.jpg
/home/wzzz/LPRNet/datasets/police_bluebase_cvstrict_20260603/train_沪G8289警.jpg,沪G8289警,沪,1,train,/home/wzzz/LPRNet/datasets/police_bluebase_cvstrict_20260603/train_沪G8289警.jpg
/home/wzzz/LPRNet/datasets/police_bluebase_cvstrict_20260603/train_沪V1738警.jpg,沪V1738警,沪,1,train,/home/wzzz/LPRNet/datasets/police_bluebase_cvstrict_20260603/train_沪V1738警.jpg
/home/wzzz/LPRNet/datasets/police_bluebase_cvstrict_20260603/train_沪J8086警.jpg,沪J8086警,沪,1,train,/home/wzzz/LPRNet/datasets/police_bluebase_cvstrict_20260603/train_沪J8086警.jpg
/home/wzzz/LPRNet/datasets/police_bluebase_cvstrict_20260603/train_沪N4633警.jpg,沪N4633警,沪,1,train,/home/wzzz/LPRNet/datasets/police_bluebase_cvstrict_20260603/train_沪N4633警.jpg
/home/wzzz/LPRNet/datasets/police_bluebase_cvstrict_20260603/train_沪D9918警.jpg,沪D9918警,沪,1,train,/home/wzzz/LPRNet/datasets/police_bluebase_cvstrict_20260603/train_沪D9918警.jpg
/home/wzzz/LPRNet/datasets/police_bluebase_cvstrict_20260603/train_沪C5222警.jpg,沪C5222警,沪,1,train,/home/wzzz/LPRNet/datasets/police_bluebase_cvstrict_20260603/train_沪C5222警.jpg
/home/wzzz/LPRNet/datasets/police_bluebase_cvstrict_20260603/train_沪X8335警.jpg,沪X8335警,沪,1,train,/home/wzzz/LPRNet/datasets/police_bluebase_cvstrict_20260603/train_沪X8335警.jpg
/home/wzzz/LPRNet/datasets/police_bluebase_cvstrict_20260603/train_沪Z1187警.jpg,沪Z1187警,沪,1,train,/home/wzzz/LPRNet/datasets/police_bluebase_cvstrict_20260603/train_沪Z1187警.jpg
/home/wzzz/LPRNet/datasets/police_bluebase_cvstrict_20260603/train_沪C8292警.jpg,沪C8292警,沪,1,train,/home/wzzz/LPRNet/datasets/police_bluebase_cvstrict_20260603/train_沪C8292警.jpg
/home/wzzz/LPRNet/datasets/police_bluebase_cvstrict_20260603/train_沪V3432警.jpg,沪V3432警,沪,1,train,/home/wzzz/LPRNet/datasets/police_bluebase_cvstrict_20260603/train_沪V3432警.jpg
/home/wzzz/LPRNet/datasets/police_bluebase_cvstrict_20260603/train_津Z5734警.jpg,津Z5734警,津,2,train,/home/wzzz/LPRNet/datasets/police_bluebase_cvstrict_20260603/train_津Z5734警.jpg
/home/wzzz/LPRNet/datasets/police_bluebase_cvstrict_20260603/train_津S4368警.jpg,津S4368警,津,2,train,/home/wzzz/LPRNet/datasets/police_bluebase_cvstrict_20260603/train_津S4368警.jpg
/home/wzzz/LPRNet/datasets/police_bluebase_cvstrict_20260603/train_津U3577警.jpg,津U3577警,津,2,train,/home/wzzz/LPRNet/datasets/police_bluebase_cvstrict_20260603/train_津U3577警.jpg
/home/wzzz/LPRNet/datasets/police_bluebase_cvstrict_20260603/train_津R0446警.jpg,津R0446警,津,2,train,/home/wzzz/LPRNet/datasets/police_bluebase_cvstrict_20260603/train_津R0446警.jpg
/home/wzzz/LPRNet/datasets/police_bluebase_cvstrict_20260603/train_津U1386警.jpg,津U1386警,津,2,train,/home/wzzz/LPRNet/datasets/police_bluebase_cvstrict_20260603/train_津U1386警.jpg
/home/wzzz/LPRNet/datasets/police_bluebase_cvstrict_20260603/train_津G9518警.jpg,津G9518警,津,2,train,/home/wzzz/LPRNet/datasets/police_bluebase_cvstrict_20260603/train_津G9518警.jpg
/home/wzzz/LPRNet/datasets/police_bluebase_cvstrict_20260603/train_津C8523警.jpg,津C8523警,津,2,train,/home/wzzz/LPRNet/datasets/police_bluebase_cvstrict_20260603/train_津C8523警.jpg
/home/wzzz/LPRNet/datasets/police_bluebase_cvstrict_20260603/train_津N0479警.jpg,津N0479警,津,2,train,/home/wzzz/LPRNet/datasets/police_bluebase_cvstrict_20260603/train_津N0479警.jpg
/home/wzzz/LPRNet/datasets/police_bluebase_cvstrict_20260603/train_津P6597警.jpg,津P6597警,津,2,train,/home/wzzz/LPRNet/datasets/police_bluebase_cvstrict_20260603/train_津P6597警.jpg
/home/wzzz/LPRNet/datasets/police_bluebase_cvstrict_20260603/train_津B4639警.jpg,津B4639警,津,2,train,/home/wzzz/LPRNet/datasets/police_bluebase_cvstrict_20260603/train_津B4639警.jpg
/home/wzzz/LPRNet/datasets/police_bluebase_cvstrict_20260603/train_津T2379警.jpg,津T2379警,津,2,train,/home/wzzz/LPRNet/datasets/police_bluebase_cvstrict_20260603/train_津T2379警.jpg
/home/wzzz/LPRNet/datasets/police_bluebase_cvstrict_20260603/train_津V7592警.jpg,津V7592警,津,2,train,/home/wzzz/LPRNet/datasets/police_bluebase_cvstrict_20260603/train_津V7592警.jpg
/home/wzzz/LPRNet/datasets/police_bluebase_cvstrict_20260603/train_津A3447警.jpg,津A3447警,津,2,train,/home/wzzz/LPRNet/datasets/police_bluebase_cvstrict_20260603/train_津A3447警.jpg
/home/wzzz/LPRNet/datasets/police_bluebase_cvstrict_20260603/train_津C3048警.jpg,津C3048警,津,2,train,/home/wzzz/LPRNet/datasets/police_bluebase_cvstrict_20260603/train_津C3048警.jpg
/home/wzzz/LPRNet/datasets/police_bluebase_cvstrict_20260603/train_津C7708警.jpg,津C7708警,津,2,train,/home/wzzz/LPRNet/datasets/police_bluebase_cvstrict_20260603/train_津C7708警.jpg
/home/wzzz/LPRNet/datasets/police_bluebase_cvstrict_20260603/train_津Q1370警.jpg,津Q1370警,津,2,train,/home/wzzz/LPRNet/datasets/police_bluebase_cvstrict_20260603/train_津Q1370警.jpg
/home/wzzz/LPRNet/datasets/police_bluebase_cvstrict_20260603/train_津S5505警.jpg,津S5505警,津,2,train,/home/wzzz/LPRNet/datasets/police_bluebase_cvstrict_20260603/train_津S5505警.jpg
/home/wzzz/LPRNet/datasets/police_bluebase_cvstrict_20260603/train_津K6533警.jpg,津K6533警,津,2,train,/home/wzzz/LPRNet/datasets/police_bluebase_cvstrict_20260603/train_津K6533警.jpg
/home/wzzz/LPRNet/datasets/police_bluebase_cvstrict_20260603/train_津B1012警.jpg,津B1012警,津,2,train,/home/wzzz/LPRNet/datasets/police_bluebase_cvstrict_20260603/train_津B1012警.jpg
/home/wzzz/LPRNet/datasets/police_bluebase_cvstrict_20260603/train_津U5899警.jpg,津U5899警,津,2,train,/home/wzzz/LPRNet/datasets/police_bluebase_cvstrict_20260603/train_津U5899警.jpg
/home/wzzz/LPRNet/datasets/police_bluebase_cvstrict_20260603/train_津H6520警.jpg,津H6520警,津,2,train,/home/wzzz/LPRNet/datasets/police_bluebase_cvstrict_20260603/train_津H6520警.jpg
/home/wzzz/LPRNet/datasets/police_bluebase_cvstrict_20260603/train_津E4213警.jpg,津E4213警,津,2,train,/home/wzzz/LPRNet/datasets/police_bluebase_cvstrict_20260603/train_津E4213警.jpg
/home/wzzz/LPRNet/datasets/police_bluebase_cvstrict_20260603/train_津P8671警.jpg,津P8671警,津,2,train,/home/wzzz/LPRNet/datasets/police_bluebase_cvstrict_20260603/train_津P8671警.jpg
/home/wzzz/LPRNet/datasets/police_bluebase_cvstrict_20260603/train_津L1270警.jpg,津L1270警,津,2,train,/home/wzzz/LPRNet/datasets/police_bluebase_cvstrict_20260603/train_津L1270警.jpg
/home/wzzz/LPRNet/datasets/police_bluebase_cvstrict_20260603/train_津B8609警.jpg,津B8609警,津,2,train,/home/wzzz/LPRNet/datasets/police_bluebase_cvstrict_20260603/train_津B8609警.jpg
/home/wzzz/LPRNet/datasets/police_bluebase_cvstrict_20260603/train_津U6032警.jpg,津U6032警,津,2,train,/home/wzzz/LPRNet/datasets/police_bluebase_cvstrict_20260603/train_津U6032警.jpg
/home/wzzz/LPRNet/datasets/police_bluebase_cvstrict_20260603/train_津L5597警.jpg,津L5597警,津,2,train,/home/wzzz/LPRNet/datasets/police_bluebase_cvstrict_20260603/train_津L5597警.jpg
/home/wzzz/LPRNet/datasets/police_bluebase_cvstrict_20260603/train_津T8934警.jpg,津T8934警,津,2,train,/home/wzzz/LPRNet/datasets/police_bluebase_cvstrict_20260603/train_津T8934警.jpg
/home/wzzz/LPRNet/datasets/police_bluebase_cvstrict_20260603/train_津U6738警.jpg,津U6738警,津,2,train,/home/wzzz/LPRNet/datasets/police_bluebase_cvstrict_20260603/train_津U6738警.jpg
/home/wzzz/LPRNet/datasets/police_bluebase_cvstrict_20260603/train_津G4045警.jpg,津G4045警,津,2,train,/home/wzzz/LPRNet/datasets/police_bluebase_cvstrict_20260603/train_津G4045警.jpg
/home/wzzz/LPRNet/datasets/police_bluebase_cvstrict_20260603/train_津N8838警.jpg,津N8838警,津,2,train,/home/wzzz/LPRNet/datasets/police_bluebase_cvstrict_20260603/train_津N8838警.jpg
/home/wzzz/LPRNet/datasets/police_bluebase_cvstrict_20260603/train_津H7966警.jpg,津H7966警,津,2,train,/home/wzzz/LPRNet/datasets/police_bluebase_cvstrict_20260603/train_津H7966警.jpg
/home/wzzz/LPRNet/datasets/police_bluebase_cvstrict_20260603/train_津D7590警.jpg,津D7590警,津,2,train,/home/wzzz/LPRNet/datasets/police_bluebase_cvstrict_20260603/train_津D7590警.jpg
/home/wzzz/LPRNet/datasets/police_bluebase_cvstrict_20260603/train_津H6825警.jpg,津H6825警,津,2,train,/home/wzzz/LPRNet/datasets/police_bluebase_cvstrict_20260603/train_津H6825警.jpg
/home/wzzz/LPRNet/datasets/police_bluebase_cvstrict_20260603/train_津Q4123警.jpg,津Q4123警,津,2,train,/home/wzzz/LPRNet/datasets/police_bluebase_cvstrict_20260603/train_津Q4123警.jpg
/home/wzzz/LPRNet/datasets/police_bluebase_cvstrict_20260603/train_津G4720警.jpg,津G4720警,津,2,train,/home/wzzz/LPRNet/datasets/police_bluebase_cvstrict_20260603/train_津G4720警.jpg
/home/wzzz/LPRNet/datasets/police_bluebase_cvstrict_20260603/train_津P5468警.jpg,津P5468警,津,2,train,/home/wzzz/LPRNet/datasets/police_bluebase_cvstrict_20260603/train_津P5468警.jpg
/home/wzzz/LPRNet/datasets/police_bluebase_cvstrict_20260603/train_津W3747警.jpg,津W3747警,津,2,train,/home/wzzz/LPRNet/datasets/police_bluebase_cvstrict_20260603/train_津W3747警.jpg
/home/wzzz/LPRNet/datasets/police_bluebase_cvstrict_20260603/train_津N7492警.jpg,津N7492警,津,2,train,/home/wzzz/LPRNet/datasets/police_bluebase_cvstrict_20260603/train_津N7492警.jpg
/home/wzzz/LPRNet/datasets/police_bluebase_cvstrict_20260603/train_津A8749警.jpg,津A8749警,津,2,train,/home/wzzz/LPRNet/datasets/police_bluebase_cvstrict_20260603/train_津A8749警.jpg
/home/wzzz/LPRNet/datasets/police_bluebase_cvstrict_20260603/train_津Q0260警.jpg,津Q0260警,津,2,train,/home/wzzz/LPRNet/datasets/police_bluebase_cvstrict_20260603/train_津Q0260警.jpg
/home/wzzz/LPRNet/datasets/police_bluebase_cvstrict_20260603/train_津M8970警.jpg,津M8970警,津,2,train,/home/wzzz/LPRNet/datasets/police_bluebase_cvstrict_20260603/train_津M8970警.jpg
/home/wzzz/LPRNet/datasets/police_bluebase_cvstrict_20260603/train_津W4903警.jpg,津W4903警,津,2,train,/home/wzzz/LPRNet/datasets/police_bluebase_cvstrict_20260603/train_津W4903警.jpg
/home/wzzz/LPRNet/datasets/police_bluebase_cvstrict_20260603/train_津Q5811警.jpg,津Q5811警,津,2,train,/home/wzzz/LPRNet/datasets/police_bluebase_cvstrict_20260603/train_津Q5811警.jpg
/home/wzzz/LPRNet/datasets/police_bluebase_cvstrict_20260603/train_津N5731警.jpg,津N5731警,津,2,train,/home/wzzz/LPRNet/datasets/police_bluebase_cvstrict_20260603/train_津N5731警.jpg
/home/wzzz/LPRNet/datasets/police_bluebase_cvstrict_20260603/train_津T5942警.jpg,津T5942警,津,2,train,/home/wzzz/LPRNet/datasets/police_bluebase_cvstrict_20260603/train_津T5942警.jpg
/home/wzzz/LPRNet/datasets/police_bluebase_cvstrict_20260603/train_津A3362警.jpg,津A3362警,津,2,train,/home/wzzz/LPRNet/datasets/police_bluebase_cvstrict_20260603/train_津A3362警.jpg
/home/wzzz/LPRNet/datasets/police_bluebase_cvstrict_20260603/train_津D1123警.jpg,津D1123警,津,2,train,/home/wzzz/LPRNet/datasets/police_bluebase_cvstrict_20260603/train_津D1123警.jpg
/home/wzzz/LPRNet/datasets/police_bluebase_cvstrict_20260603/train_津Q7485警.jpg,津Q7485警,津,2,train,/home/wzzz/LPRNet/datasets/police_bluebase_cvstrict_20260603/train_津Q7485警.jpg
/home/wzzz/LPRNet/datasets/police_bluebase_cvstrict_20260603/train_津R2509警.jpg,津R2509警,津,2,train,/home/wzzz/LPRNet/datasets/police_bluebase_cvstrict_20260603/train_津R2509警.jpg
/home/wzzz/LPRNet/datasets/police_bluebase_cvstrict_20260603/train_渝J5655警.jpg,渝J5655警,渝,3,train,/home/wzzz/LPRNet/datasets/police_bluebase_cvstrict_20260603/train_渝J5655警.jpg
/home/wzzz/LPRNet/datasets/police_bluebase_cvstrict_20260603/train_渝P6727警.jpg,渝P6727警,渝,3,train,/home/wzzz/LPRNet/datasets/police_bluebase_cvstrict_20260603/train_渝P6727警.jpg
/home/wzzz/LPRNet/datasets/police_bluebase_cvstrict_20260603/train_渝A7608警.jpg,渝A7608警,渝,3,train,/home/wzzz/LPRNet/datasets/police_bluebase_cvstrict_20260603/train_渝A7608警.jpg
/home/wzzz/LPRNet/datasets/police_bluebase_cvstrict_20260603/train_渝U4937警.jpg,渝U4937警,渝,3,train,/home/wzzz/LPRNet/datasets/police_bluebase_cvstrict_20260603/train_渝U4937警.jpg
/home/wzzz/LPRNet/datasets/police_bluebase_cvstrict_20260603/train_渝L8234警.jpg,渝L8234警,渝,3,train,/home/wzzz/LPRNet/datasets/police_bluebase_cvstrict_20260603/train_渝L8234警.jpg
/home/wzzz/LPRNet/datasets/police_bluebase_cvstrict_20260603/train_渝N4736警.jpg,渝N4736警,渝,3,train,/home/wzzz/LPRNet/datasets/police_bluebase_cvstrict_20260603/train_渝N4736警.jpg
/home/wzzz/LPRNet/datasets/police_bluebase_cvstrict_20260603/train_渝S2264警.jpg,渝S2264警,渝,3,train,/home/wzzz/LPRNet/datasets/police_bluebase_cvstrict_20260603/train_渝S2264警.jpg
/home/wzzz/LPRNet/datasets/police_bluebase_cvstrict_20260603/train_渝D2361警.jpg,渝D2361警,渝,3,train,/home/wzzz/LPRNet/datasets/police_bluebase_cvstrict_20260603/train_渝D2361警.jpg
/home/wzzz/LPRNet/datasets/police_bluebase_cvstrict_20260603/train_渝K5210警.jpg,渝K5210警,渝,3,train,/home/wzzz/LPRNet/datasets/police_bluebase_cvstrict_20260603/train_渝K5210警.jpg
/home/wzzz/LPRNet/datasets/police_bluebase_cvstrict_20260603/train_渝C3631警.jpg,渝C3631警,渝,3,train,/home/wzzz/LPRNet/datasets/police_bluebase_cvstrict_20260603/train_渝C3631警.jpg
/home/wzzz/LPRNet/datasets/police_bluebase_cvstrict_20260603/train_渝J2179警.jpg,渝J2179警,渝,3,train,/home/wzzz/LPRNet/datasets/police_bluebase_cvstrict_20260603/train_渝J2179警.jpg
/home/wzzz/LPRNet/datasets/police_bluebase_cvstrict_20260603/train_渝B8785警.jpg,渝B8785警,渝,3,train,/home/wzzz/LPRNet/datasets/police_bluebase_cvstrict_20260603/train_渝B8785警.jpg
/home/wzzz/LPRNet/datasets/police_bluebase_cvstrict_20260603/train_渝L3921警.jpg,渝L3921警,渝,3,train,/home/wzzz/LPRNet/datasets/police_bluebase_cvstrict_20260603/train_渝L3921警.jpg
/home/wzzz/LPRNet/datasets/police_bluebase_cvstrict_20260603/train_渝T3438警.jpg,渝T3438警,渝,3,train,/home/wzzz/LPRNet/datasets/police_bluebase_cvstrict_20260603/train_渝T3438警.jpg
/home/wzzz/LPRNet/datasets/police_bluebase_cvstrict_20260603/train_渝G0717警.jpg,渝G0717警,渝,3,train,/home/wzzz/LPRNet/datasets/police_bluebase_cvstrict_20260603/train_渝G0717警.jpg
/home/wzzz/LPRNet/datasets/police_bluebase_cvstrict_20260603/train_渝G1408警.jpg,渝G1408警,渝,3,train,/home/wzzz/LPRNet/datasets/police_bluebase_cvstrict_20260603/train_渝G1408警.jpg
/home/wzzz/LPRNet/datasets/police_bluebase_cvstrict_20260603/train_渝Z4053警.jpg,渝Z4053警,渝,3,train,/home/wzzz/LPRNet/datasets/police_bluebase_cvstrict_20260603/train_渝Z4053警.jpg
/home/wzzz/LPRNet/datasets/police_bluebase_cvstrict_20260603/train_渝Y2576警.jpg,渝Y2576警,渝,3,train,/home/wzzz/LPRNet/datasets/police_bluebase_cvstrict_20260603/train_渝Y2576警.jpg
/home/wzzz/LPRNet/datasets/police_bluebase_cvstrict_20260603/train_渝G7026警.jpg,渝G7026警,渝,3,train,/home/wzzz/LPRNet/datasets/police_bluebase_cvstrict_20260603/train_渝G7026警.jpg
/home/wzzz/LPRNet/datasets/police_bluebase_cvstrict_20260603/train_渝B8380警.jpg,渝B8380警,渝,3,train,/home/wzzz/LPRNet/datasets/police_bluebase_cvstrict_20260603/train_渝B8380警.jpg
/home/wzzz/LPRNet/datasets/police_bluebase_cvstrict_20260603/train_渝J7023警.jpg,渝J7023警,渝,3,train,/home/wzzz/LPRNet/datasets/police_bluebase_cvstrict_20260603/train_渝J7023警.jpg
/home/wzzz/LPRNet/datasets/police_bluebase_cvstrict_20260603/train_渝X0824警.jpg,渝X0824警,渝,3,train,/home/wzzz/LPRNet/datasets/police_bluebase_cvstrict_20260603/train_渝X0824警.jpg
/home/wzzz/LPRNet/datasets/police_bluebase_cvstrict_20260603/train_渝Q8026警.jpg,渝Q8026警,渝,3,train,/home/wzzz/LPRNet/datasets/police_bluebase_cvstrict_20260603/train_渝Q8026警.jpg
/home/wzzz/LPRNet/datasets/police_bluebase_cvstrict_20260603/train_渝V4853警.jpg,渝V4853警,渝,3,train,/home/wzzz/LPRNet/datasets/police_bluebase_cvstrict_20260603/train_渝V4853警.jpg
/home/wzzz/LPRNet/datasets/police_bluebase_cvstrict_20260603/train_渝V6253警.jpg,渝V6253警,渝,3,train,/home/wzzz/LPRNet/datasets/police_bluebase_cvstrict_20260603/train_渝V6253警.jpg
/home/wzzz/LPRNet/datasets/police_bluebase_cvstrict_20260603/train_渝W3548警.jpg,渝W3548警,渝,3,train,/home/wzzz/LPRNet/datasets/police_bluebase_cvstrict_20260603/train_渝W3548警.jpg
/home/wzzz/LPRNet/datasets/police_bluebase_cvstrict_20260603/train_渝T7802警.jpg,渝T7802警,渝,3,train,/home/wzzz/LPRNet/datasets/police_bluebase_cvstrict_20260603/train_渝T7802警.jpg
/home/wzzz/LPRNet/datasets/police_bluebase_cvstrict_20260603/train_渝W6636警.jpg,渝W6636警,渝,3,train,/home/wzzz/LPRNet/datasets/police_bluebase_cvstrict_20260603/train_渝W6636警.jpg
/home/wzzz/LPRNet/datasets/police_bluebase_cvstrict_20260603/train_渝F6505警.jpg,渝F6505警,渝,3,train,/home/wzzz/LPRNet/datasets/police_bluebase_cvstrict_20260603/train_渝F6505警.jpg
/home/wzzz/LPRNet/datasets/police_bluebase_cvstrict_20260603/train_渝N3858警.jpg,渝N3858警,渝,3,train,/home/wzzz/LPRNet/datasets/police_bluebase_cvstrict_20260603/train_渝N3858警.jpg
/home/wzzz/LPRNet/datasets/police_bluebase_cvstrict_20260603/train_渝L2031警.jpg,渝L2031警,渝,3,train,/home/wzzz/LPRNet/datasets/police_bluebase_cvstrict_20260603/train_渝L2031警.jpg
/home/wzzz/LPRNet/datasets/police_bluebase_cvstrict_20260603/train_渝K2699警.jpg,渝K2699警,渝,3,train,/home/wzzz/LPRNet/datasets/police_bluebase_cvstrict_20260603/train_渝K2699警.jpg
/home/wzzz/LPRNet/datasets/police_bluebase_cvstrict_20260603/train_渝M1341警.jpg,渝M1341警,渝,3,train,/home/wzzz/LPRNet/datasets/police_bluebase_cvstrict_20260603/train_渝M1341警.jpg
/home/wzzz/LPRNet/datasets/police_bluebase_cvstrict_20260603/train_渝H6718警.jpg,渝H6718警,渝,3,train,/home/wzzz/LPRNet/datasets/police_bluebase_cvstrict_20260603/train_渝H6718警.jpg
/home/wzzz/LPRNet/datasets/police_bluebase_cvstrict_20260603/train_渝J6742警.jpg,渝J6742警,渝,3,train,/home/wzzz/LPRNet/datasets/police_bluebase_cvstrict_20260603/train_渝J6742警.jpg
/home/wzzz/LPRNet/datasets/police_bluebase_cvstrict_20260603/train_渝S1766警.jpg,渝S1766警,渝,3,train,/home/wzzz/LPRNet/datasets/police_bluebase_cvstrict_20260603/train_渝S1766警.jpg
/home/wzzz/LPRNet/datasets/police_bluebase_cvstrict_20260603/train_渝D3694警.jpg,渝D3694警,渝,3,train,/home/wzzz/LPRNet/datasets/police_bluebase_cvstrict_20260603/train_渝D3694警.jpg
/home/wzzz/LPRNet/datasets/police_bluebase_cvstrict_20260603/train_渝K8024警.jpg,渝K8024警,渝,3,train,/home/wzzz/LPRNet/datasets/police_bluebase_cvstrict_20260603/train_渝K8024警.jpg
/home/wzzz/LPRNet/datasets/police_bluebase_cvstrict_20260603/train_渝H4708警.jpg,渝H4708警,渝,3,train,/home/wzzz/LPRNet/datasets/police_bluebase_cvstrict_20260603/train_渝H4708警.jpg
/home/wzzz/LPRNet/datasets/police_bluebase_cvstrict_20260603/train_渝U4663警.jpg,渝U4663警,渝,3,train,/home/wzzz/LPRNet/datasets/police_bluebase_cvstrict_20260603/train_渝U4663警.jpg
/home/wzzz/LPRNet/datasets/police_bluebase_cvstrict_20260603/train_渝P4246警.jpg,渝P4246警,渝,3,train,/home/wzzz/LPRNet/datasets/police_bluebase_cvstrict_20260603/train_渝P4246警.jpg
/home/wzzz/LPRNet/datasets/police_bluebase_cvstrict_20260603/train_渝F6583警.jpg,渝F6583警,渝,3,train,/home/wzzz/LPRNet/datasets/police_bluebase_cvstrict_20260603/train_渝F6583警.jpg
/home/wzzz/LPRNet/datasets/police_bluebase_cvstrict_20260603/train_渝Z1724警.jpg,渝Z1724警,渝,3,train,/home/wzzz/LPRNet/datasets/police_bluebase_cvstrict_20260603/train_渝Z1724警.jpg
/home/wzzz/LPRNet/datasets/police_bluebase_cvstrict_20260603/train_渝G1152警.jpg,渝G1152警,渝,3,train,/home/wzzz/LPRNet/datasets/police_bluebase_cvstrict_20260603/train_渝G1152警.jpg
/home/wzzz/LPRNet/datasets/police_bluebase_cvstrict_20260603/train_渝Y3499警.jpg,渝Y3499警,渝,3,train,/home/wzzz/LPRNet/datasets/police_bluebase_cvstrict_20260603/train_渝Y3499警.jpg
/home/wzzz/LPRNet/datasets/police_bluebase_cvstrict_20260603/train_渝F8722警.jpg,渝F8722警,渝,3,train,/home/wzzz/LPRNet/datasets/police_bluebase_cvstrict_20260603/train_渝F8722警.jpg
/home/wzzz/LPRNet/datasets/police_bluebase_cvstrict_20260603/train_渝Q3326警.jpg,渝Q3326警,渝,3,train,/home/wzzz/LPRNet/datasets/police_bluebase_cvstrict_20260603/train_渝Q3326警.jpg
/home/wzzz/LPRNet/datasets/police_bluebase_cvstrict_20260603/train_渝D3717警.jpg,渝D3717警,渝,3,train,/home/wzzz/LPRNet/datasets/police_bluebase_cvstrict_20260603/train_渝D3717警.jpg
/home/wzzz/LPRNet/datasets/police_bluebase_cvstrict_20260603/train_渝Q6393警.jpg,渝Q6393警,渝,3,train,/home/wzzz/LPRNet/datasets/police_bluebase_cvstrict_20260603/train_渝Q6393警.jpg
/home/wzzz/LPRNet/datasets/police_bluebase_cvstrict_20260603/train_渝J6575警.jpg,渝J6575警,渝,3,train,/home/wzzz/LPRNet/datasets/police_bluebase_cvstrict_20260603/train_渝J6575警.jpg
/home/wzzz/LPRNet/datasets/police_bluebase_cvstrict_20260603/train_冀J6029警.jpg,冀J6029警,冀,4,train,/home/wzzz/LPRNet/datasets/police_bluebase_cvstrict_20260603/train_冀J6029警.jpg
/home/wzzz/LPRNet/datasets/police_bluebase_cvstrict_20260603/train_冀U2312警.jpg,冀U2312警,冀,4,train,/home/wzzz/LPRNet/datasets/police_bluebase_cvstrict_20260603/train_冀U2312警.jpg
/home/wzzz/LPRNet/datasets/police_bluebase_cvstrict_20260603/train_冀Q1827警.jpg,冀Q1827警,冀,4,train,/home/wzzz/LPRNet/datasets/police_bluebase_cvstrict_20260603/train_冀Q1827警.jpg
/home/wzzz/LPRNet/datasets/police_bluebase_cvstrict_20260603/train_冀S8107警.jpg,冀S8107警,冀,4,train,/home/wzzz/LPRNet/datasets/police_bluebase_cvstrict_20260603/train_冀S8107警.jpg
/home/wzzz/LPRNet/datasets/police_bluebase_cvstrict_20260603/train_冀S0110警.jpg,冀S0110警,冀,4,train,/home/wzzz/LPRNet/datasets/police_bluebase_cvstrict_20260603/train_冀S0110警.jpg
/home/wzzz/LPRNet/datasets/police_bluebase_cvstrict_20260603/train_冀B2816警.jpg,冀B2816警,冀,4,train,/home/wzzz/LPRNet/datasets/police_bluebase_cvstrict_20260603/train_冀B2816警.jpg
/home/wzzz/LPRNet/datasets/police_bluebase_cvstrict_20260603/train_冀N2814警.jpg,冀N2814警,冀,4,train,/home/wzzz/LPRNet/datasets/police_bluebase_cvstrict_20260603/train_冀N2814警.jpg
/home/wzzz/LPRNet/datasets/police_bluebase_cvstrict_20260603/train_冀G6222警.jpg,冀G6222警,冀,4,train,/home/wzzz/LPRNet/datasets/police_bluebase_cvstrict_20260603/train_冀G6222警.jpg
/home/wzzz/LPRNet/datasets/police_bluebase_cvstrict_20260603/train_冀U6293警.jpg,冀U6293警,冀,4,train,/home/wzzz/LPRNet/datasets/police_bluebase_cvstrict_20260603/train_冀U6293警.jpg
/home/wzzz/LPRNet/datasets/police_bluebase_cvstrict_20260603/train_冀A4296警.jpg,冀A4296警,冀,4,train,/home/wzzz/LPRNet/datasets/police_bluebase_cvstrict_20260603/train_冀A4296警.jpg
/home/wzzz/LPRNet/datasets/police_bluebase_cvstrict_20260603/train_冀B3348警.jpg,冀B3348警,冀,4,train,/home/wzzz/LPRNet/datasets/police_bluebase_cvstrict_20260603/train_冀B3348警.jpg
/home/wzzz/LPRNet/datasets/police_bluebase_cvstrict_20260603/train_冀L5769警.jpg,冀L5769警,冀,4,train,/home/wzzz/LPRNet/datasets/police_bluebase_cvstrict_20260603/train_冀L5769警.jpg
/home/wzzz/LPRNet/datasets/police_bluebase_cvstrict_20260603/train_冀G0876警.jpg,冀G0876警,冀,4,train,/home/wzzz/LPRNet/datasets/police_bluebase_cvstrict_20260603/train_冀G0876警.jpg
/home/wzzz/LPRNet/datasets/police_bluebase_cvstrict_20260603/train_冀X1534警.jpg,冀X1534警,冀,4,train,/home/wzzz/LPRNet/datasets/police_bluebase_cvstrict_20260603/train_冀X1534警.jpg
/home/wzzz/LPRNet/datasets/police_bluebase_cvstrict_20260603/train_冀G6351警.jpg,冀G6351警,冀,4,train,/home/wzzz/LPRNet/datasets/police_bluebase_cvstrict_20260603/train_冀G6351警.jpg
/home/wzzz/LPRNet/datasets/police_bluebase_cvstrict_20260603/train_冀P8004警.jpg,冀P8004警,冀,4,train,/home/wzzz/LPRNet/datasets/police_bluebase_cvstrict_20260603/train_冀P8004警.jpg
/home/wzzz/LPRNet/datasets/police_bluebase_cvstrict_20260603/train_冀E6703警.jpg,冀E6703警,冀,4,train,/home/wzzz/LPRNet/datasets/police_bluebase_cvstrict_20260603/train_冀E6703警.jpg
/home/wzzz/LPRNet/datasets/police_bluebase_cvstrict_20260603/train_冀B4177警.jpg,冀B4177警,冀,4,train,/home/wzzz/LPRNet/datasets/police_bluebase_cvstrict_20260603/train_冀B4177警.jpg
/home/wzzz/LPRNet/datasets/police_bluebase_cvstrict_20260603/train_冀E0643警.jpg,冀E0643警,冀,4,train,/home/wzzz/LPRNet/datasets/police_bluebase_cvstrict_20260603/train_冀E0643警.jpg
/home/wzzz/LPRNet/datasets/police_bluebase_cvstrict_20260603/train_冀K8266警.jpg,冀K8266警,冀,4,train,/home/wzzz/LPRNet/datasets/police_bluebase_cvstrict_20260603/train_冀K8266警.jpg
/home/wzzz/LPRNet/datasets/police_bluebase_cvstrict_20260603/train_冀Y8411警.jpg,冀Y8411警,冀,4,train,/home/wzzz/LPRNet/datasets/police_bluebase_cvstrict_20260603/train_冀Y8411警.jpg
/home/wzzz/LPRNet/datasets/police_bluebase_cvstrict_20260603/train_冀F8034警.jpg,冀F8034警,冀,4,train,/home/wzzz/LPRNet/datasets/police_bluebase_cvstrict_20260603/train_冀F8034警.jpg
/home/wzzz/LPRNet/datasets/police_bluebase_cvstrict_20260603/train_冀V8241警.jpg,冀V8241警,冀,4,train,/home/wzzz/LPRNet/datasets/police_bluebase_cvstrict_20260603/train_冀V8241警.jpg
/home/wzzz/LPRNet/datasets/police_bluebase_cvstrict_20260603/train_冀C5551警.jpg,冀C5551警,冀,4,train,/home/wzzz/LPRNet/datasets/police_bluebase_cvstrict_20260603/train_冀C5551警.jpg
/home/wzzz/LPRNet/datasets/police_bluebase_cvstrict_20260603/train_冀R6088警.jpg,冀R6088警,冀,4,train,/home/wzzz/LPRNet/datasets/police_bluebase_cvstrict_20260603/train_冀R6088警.jpg
/home/wzzz/LPRNet/datasets/police_bluebase_cvstrict_20260603/train_冀E6518警.jpg,冀E6518警,冀,4,train,/home/wzzz/LPRNet/datasets/police_bluebase_cvstrict_20260603/train_冀E6518警.jpg
/home/wzzz/LPRNet/datasets/police_bluebase_cvstrict_20260603/train_冀A0400警.jpg,冀A0400警,冀,4,train,/home/wzzz/LPRNet/datasets/police_bluebase_cvstrict_20260603/train_冀A0400警.jpg
/home/wzzz/LPRNet/datasets/police_bluebase_cvstrict_20260603/train_冀A5293警.jpg,冀A5293警,冀,4,train,/home/wzzz/LPRNet/datasets/police_bluebase_cvstrict_20260603/train_冀A5293警.jpg
/home/wzzz/LPRNet/datasets/police_bluebase_cvstrict_20260603/train_冀C1853警.jpg,冀C1853警,冀,4,train,/home/wzzz/LPRNet/datasets/police_bluebase_cvstrict_20260603/train_冀C1853警.jpg
/home/wzzz/LPRNet/datasets/police_bluebase_cvstrict_20260603/train_冀X4697警.jpg,冀X4697警,冀,4,train,/home/wzzz/LPRNet/datasets/police_bluebase_cvstrict_20260603/train_冀X4697警.jpg
/home/wzzz/LPRNet/datasets/police_bluebase_cvstrict_20260603/train_冀J0337警.jpg,冀J0337警,冀,4,train,/home/wzzz/LPRNet/datasets/police_bluebase_cvstrict_20260603/train_冀J0337警.jpg
/home/wzzz/LPRNet/datasets/police_bluebase_cvstrict_20260603/train_冀X6193警.jpg,冀X6193警,冀,4,train,/home/wzzz/LPRNet/datasets/police_bluebase_cvstrict_20260603/train_冀X6193警.jpg
/home/wzzz/LPRNet/datasets/police_bluebase_cvstrict_20260603/train_冀N1330警.jpg,冀N1330警,冀,4,train,/home/wzzz/LPRNet/datasets/police_bluebase_cvstrict_20260603/train_冀N1330警.jpg
/home/wzzz/LPRNet/datasets/police_bluebase_cvstrict_20260603/train_冀F2486警.jpg,冀F2486警,冀,4,train,/home/wzzz/LPRNet/datasets/police_bluebase_cvstrict_20260603/train_冀F2486警.jpg
/home/wzzz/LPRNet/datasets/police_bluebase_cvstrict_20260603/train_冀Y3680警.jpg,冀Y3680警,冀,4,train,/home/wzzz/LPRNet/datasets/police_bluebase_cvstrict_20260603/train_冀Y3680警.jpg
/home/wzzz/LPRNet/datasets/police_bluebase_cvstrict_20260603/train_冀W9712警.jpg,冀W9712警,冀,4,train,/home/wzzz/LPRNet/datasets/police_bluebase_cvstrict_20260603/train_冀W9712警.jpg
/home/wzzz/LPRNet/datasets/police_bluebase_cvstrict_20260603/train_冀N4052警.jpg,冀N4052警,冀,4,train,/home/wzzz/LPRNet/datasets/police_bluebase_cvstrict_20260603/train_冀N4052警.jpg
/home/wzzz/LPRNet/datasets/police_bluebase_cvstrict_20260603/train_冀S6075警.jpg,冀S6075警,冀,4,train,/home/wzzz/LPRNet/datasets/police_bluebase_cvstrict_20260603/train_冀S6075警.jpg
/home/wzzz/LPRNet/datasets/police_bluebase_cvstrict_20260603/train_冀A8181警.jpg,冀A8181警,冀,4,train,/home/wzzz/LPRNet/datasets/police_bluebase_cvstrict_20260603/train_冀A8181警.jpg
/home/wzzz/LPRNet/datasets/police_bluebase_cvstrict_20260603/train_冀H4440警.jpg,冀H4440警,冀,4,train,/home/wzzz/LPRNet/datasets/police_bluebase_cvstrict_20260603/train_冀H4440警.jpg
/home/wzzz/LPRNet/datasets/police_bluebase_cvstrict_20260603/train_冀B5355警.jpg,冀B5355警,冀,4,train,/home/wzzz/LPRNet/datasets/police_bluebase_cvstrict_20260603/train_冀B5355警.jpg
/home/wzzz/LPRNet/datasets/police_bluebase_cvstrict_20260603/train_冀B4233警.jpg,冀B4233警,冀,4,train,/home/wzzz/LPRNet/datasets/police_bluebase_cvstrict_20260603/train_冀B4233警.jpg
/home/wzzz/LPRNet/datasets/police_bluebase_cvstrict_20260603/train_冀A8040警.jpg,冀A8040警,冀,4,train,/home/wzzz/LPRNet/datasets/police_bluebase_cvstrict_20260603/train_冀A8040警.jpg
/home/wzzz/LPRNet/datasets/police_bluebase_cvstrict_20260603/train_冀Q2275警.jpg,冀Q2275警,冀,4,train,/home/wzzz/LPRNet/datasets/police_bluebase_cvstrict_20260603/train_冀Q2275警.jpg
/home/wzzz/LPRNet/datasets/police_bluebase_cvstrict_20260603/train_冀C3850警.jpg,冀C3850警,冀,4,train,/home/wzzz/LPRNet/datasets/police_bluebase_cvstrict_20260603/train_冀C3850警.jpg
/home/wzzz/LPRNet/datasets/police_bluebase_cvstrict_20260603/train_冀T2081警.jpg,冀T2081警,冀,4,train,/home/wzzz/LPRNet/datasets/police_bluebase_cvstrict_20260603/train_冀T2081警.jpg
/home/wzzz/LPRNet/datasets/police_bluebase_cvstrict_20260603/train_冀R7113警.jpg,冀R7113警,冀,4,train,/home/wzzz/LPRNet/datasets/police_bluebase_cvstrict_20260603/train_冀R7113警.jpg
/home/wzzz/LPRNet/datasets/police_bluebase_cvstrict_20260603/train_冀M6840警.jpg,冀M6840警,冀,4,train,/home/wzzz/LPRNet/datasets/police_bluebase_cvstrict_20260603/train_冀M6840警.jpg
/home/wzzz/LPRNet/datasets/police_bluebase_cvstrict_20260603/train_冀S7117警.jpg,冀S7117警,冀,4,train,/home/wzzz/LPRNet/datasets/police_bluebase_cvstrict_20260603/train_冀S7117警.jpg
/home/wzzz/LPRNet/datasets/police_bluebase_cvstrict_20260603/train_冀Y3003警.jpg,冀Y3003警,冀,4,train,/home/wzzz/LPRNet/datasets/police_bluebase_cvstrict_20260603/train_冀Y3003警.jpg
/home/wzzz/LPRNet/datasets/police_bluebase_cvstrict_20260603/train_晋M5206警.jpg,晋M5206警,晋,5,train,/home/wzzz/LPRNet/datasets/police_bluebase_cvstrict_20260603/train_晋M5206警.jpg
/home/wzzz/LPRNet/datasets/police_bluebase_cvstrict_20260603/train_晋P6252警.jpg,晋P6252警,晋,5,train,/home/wzzz/LPRNet/datasets/police_bluebase_cvstrict_20260603/train_晋P6252警.jpg
/home/wzzz/LPRNet/datasets/police_bluebase_cvstrict_20260603/train_晋H2487警.jpg,晋H2487警,晋,5,train,/home/wzzz/LPRNet/datasets/police_bluebase_cvstrict_20260603/train_晋H2487警.jpg
/home/wzzz/LPRNet/datasets/police_bluebase_cvstrict_20260603/train_晋W1336警.jpg,晋W1336警,晋,5,train,/home/wzzz/LPRNet/datasets/police_bluebase_cvstrict_20260603/train_晋W1336警.jpg
/home/wzzz/LPRNet/datasets/police_bluebase_cvstrict_20260603/train_晋N7134警.jpg,晋N7134警,晋,5,train,/home/wzzz/LPRNet/datasets/police_bluebase_cvstrict_20260603/train_晋N7134警.jpg
/home/wzzz/LPRNet/datasets/police_bluebase_cvstrict_20260603/train_晋E6201警.jpg,晋E6201警,晋,5,train,/home/wzzz/LPRNet/datasets/police_bluebase_cvstrict_20260603/train_晋E6201警.jpg
/home/wzzz/LPRNet/datasets/police_bluebase_cvstrict_20260603/train_晋T8690警.jpg,晋T8690警,晋,5,train,/home/wzzz/LPRNet/datasets/police_bluebase_cvstrict_20260603/train_晋T8690警.jpg
/home/wzzz/LPRNet/datasets/police_bluebase_cvstrict_20260603/train_晋C9962警.jpg,晋C9962警,晋,5,train,/home/wzzz/LPRNet/datasets/police_bluebase_cvstrict_20260603/train_晋C9962警.jpg
/home/wzzz/LPRNet/datasets/police_bluebase_cvstrict_20260603/train_晋W4834警.jpg,晋W4834警,晋,5,train,/home/wzzz/LPRNet/datasets/police_bluebase_cvstrict_20260603/train_晋W4834警.jpg
/home/wzzz/LPRNet/datasets/police_bluebase_cvstrict_20260603/train_晋P8112警.jpg,晋P8112警,晋,5,train,/home/wzzz/LPRNet/datasets/police_bluebase_cvstrict_20260603/train_晋P8112警.jpg
/home/wzzz/LPRNet/datasets/police_bluebase_cvstrict_20260603/train_晋U8143警.jpg,晋U8143警,晋,5,train,/home/wzzz/LPRNet/datasets/police_bluebase_cvstrict_20260603/train_晋U8143警.jpg
/home/wzzz/LPRNet/datasets/police_bluebase_cvstrict_20260603/train_晋E6598警.jpg,晋E6598警,晋,5,train,/home/wzzz/LPRNet/datasets/police_bluebase_cvstrict_20260603/train_晋E6598警.jpg
/home/wzzz/LPRNet/datasets/police_bluebase_cvstrict_20260603/train_晋N1113警.jpg,晋N1113警,晋,5,train,/home/wzzz/LPRNet/datasets/police_bluebase_cvstrict_20260603/train_晋N1113警.jpg
/home/wzzz/LPRNet/datasets/police_bluebase_cvstrict_20260603/train_晋T1690警.jpg,晋T1690警,晋,5,train,/home/wzzz/LPRNet/datasets/police_bluebase_cvstrict_20260603/train_晋T1690警.jpg
/home/wzzz/LPRNet/datasets/police_bluebase_cvstrict_20260603/train_晋H9455警.jpg,晋H9455警,晋,5,train,/home/wzzz/LPRNet/datasets/police_bluebase_cvstrict_20260603/train_晋H9455警.jpg
/home/wzzz/LPRNet/datasets/police_bluebase_cvstrict_20260603/train_晋E2180警.jpg,晋E2180警,晋,5,train,/home/wzzz/LPRNet/datasets/police_bluebase_cvstrict_20260603/train_晋E2180警.jpg
/home/wzzz/LPRNet/datasets/police_bluebase_cvstrict_20260603/train_晋X3047警.jpg,晋X3047警,晋,5,train,/home/wzzz/LPRNet/datasets/police_bluebase_cvstrict_20260603/train_晋X3047警.jpg
/home/wzzz/LPRNet/datasets/police_bluebase_cvstrict_20260603/train_晋S4613警.jpg,晋S4613警,晋,5,train,/home/wzzz/LPRNet/datasets/police_bluebase_cvstrict_20260603/train_晋S4613警.jpg
/home/wzzz/LPRNet/datasets/police_bluebase_cvstrict_20260603/train_晋V1497警.jpg,晋V1497警,晋,5,train,/home/wzzz/LPRNet/datasets/police_bluebase_cvstrict_20260603/train_晋V1497警.jpg
/home/wzzz/LPRNet/datasets/police_bluebase_cvstrict_20260603/train_晋C6662警.jpg,晋C6662警,晋,5,train,/home/wzzz/LPRNet/datasets/police_bluebase_cvstrict_20260603/train_晋C6662警.jpg
/home/wzzz/LPRNet/datasets/police_bluebase_cvstrict_20260603/train_晋X6018警.jpg,晋X6018警,晋,5,train,/home/wzzz/LPRNet/datasets/police_bluebase_cvstrict_20260603/train_晋X6018警.jpg
/home/wzzz/LPRNet/datasets/police_bluebase_cvstrict_20260603/train_晋Y1740警.jpg,晋Y1740警,晋,5,train,/home/wzzz/LPRNet/datasets/police_bluebase_cvstrict_20260603/train_晋Y1740警.jpg
/home/wzzz/LPRNet/datasets/police_bluebase_cvstrict_20260603/train_晋X1201警.jpg,晋X1201警,晋,5,train,/home/wzzz/LPRNet/datasets/police_bluebase_cvstrict_20260603/train_晋X1201警.jpg
/home/wzzz/LPRNet/datasets/police_bluebase_cvstrict_20260603/train_晋P5802警.jpg,晋P5802警,晋,5,train,/home/wzzz/LPRNet/datasets/police_bluebase_cvstrict_20260603/train_晋P5802警.jpg
/home/wzzz/LPRNet/datasets/police_bluebase_cvstrict_20260603/train_晋F5971警.jpg,晋F5971警,晋,5,train,/home/wzzz/LPRNet/datasets/police_bluebase_cvstrict_20260603/train_晋F5971警.jpg
/home/wzzz/LPRNet/datasets/police_bluebase_cvstrict_20260603/train_晋S7414警.jpg,晋S7414警,晋,5,train,/home/wzzz/LPRNet/datasets/police_bluebase_cvstrict_20260603/train_晋S7414警.jpg
/home/wzzz/LPRNet/datasets/police_bluebase_cvstrict_20260603/train_晋P1702警.jpg,晋P1702警,晋,5,train,/home/wzzz/LPRNet/datasets/police_bluebase_cvstrict_20260603/train_晋P1702警.jpg
/home/wzzz/LPRNet/datasets/police_bluebase_cvstrict_20260603/train_晋T0968警.jpg,晋T0968警,晋,5,train,/home/wzzz/LPRNet/datasets/police_bluebase_cvstrict_20260603/train_晋T0968警.jpg
/home/wzzz/LPRNet/datasets/police_bluebase_cvstrict_20260603/train_晋Q3991警.jpg,晋Q3991警,晋,5,train,/home/wzzz/LPRNet/datasets/police_bluebase_cvstrict_20260603/train_晋Q3991警.jpg
/home/wzzz/LPRNet/datasets/police_bluebase_cvstrict_20260603/train_晋E5377警.jpg,晋E5377警,晋,5,train,/home/wzzz/LPRNet/datasets/police_bluebase_cvstrict_20260603/train_晋E5377警.jpg
/home/wzzz/LPRNet/datasets/police_bluebase_cvstrict_20260603/train_晋F0463警.jpg,晋F0463警,晋,5,train,/home/wzzz/LPRNet/datasets/police_bluebase_cvstrict_20260603/train_晋F0463警.jpg
/home/wzzz/LPRNet/datasets/police_bluebase_cvstrict_20260603/train_晋J6190警.jpg,晋J6190警,晋,5,train,/home/wzzz/LPRNet/datasets/police_bluebase_cvstrict_20260603/train_晋J6190警.jpg
/home/wzzz/LPRNet/datasets/police_bluebase_cvstrict_20260603/train_晋L8274警.jpg,晋L8274警,晋,5,train,/home/wzzz/LPRNet/datasets/police_bluebase_cvstrict_20260603/train_晋L8274警.jpg
/home/wzzz/LPRNet/datasets/police_bluebase_cvstrict_20260603/train_晋C4405警.jpg,晋C4405警,晋,5,train,/home/wzzz/LPRNet/datasets/police_bluebase_cvstrict_20260603/train_晋C4405警.jpg
/home/wzzz/LPRNet/datasets/police_bluebase_cvstrict_20260603/train_晋L7437警.jpg,晋L7437警,晋,5,train,/home/wzzz/LPRNet/datasets/police_bluebase_cvstrict_20260603/train_晋L7437警.jpg
/home/wzzz/LPRNet/datasets/police_bluebase_cvstrict_20260603/train_晋U3695警.jpg,晋U3695警,晋,5,train,/home/wzzz/LPRNet/datasets/police_bluebase_cvstrict_20260603/train_晋U3695警.jpg
/home/wzzz/LPRNet/datasets/police_bluebase_cvstrict_20260603/train_晋D9233警.jpg,晋D9233警,晋,5,train,/home/wzzz/LPRNet/datasets/police_bluebase_cvstrict_20260603/train_晋D9233警.jpg
/home/wzzz/LPRNet/datasets/police_bluebase_cvstrict_20260603/train_晋E9295警.jpg,晋E9295警,晋,5,train,/home/wzzz/LPRNet/datasets/police_bluebase_cvstrict_20260603/train_晋E9295警.jpg
/home/wzzz/LPRNet/datasets/police_bluebase_cvstrict_20260603/train_晋N5607警.jpg,晋N5607警,晋,5,train,/home/wzzz/LPRNet/datasets/police_bluebase_cvstrict_20260603/train_晋N5607警.jpg
/home/wzzz/LPRNet/datasets/police_bluebase_cvstrict_20260603/train_晋P3795警.jpg,晋P3795警,晋,5,train,/home/wzzz/LPRNet/datasets/police_bluebase_cvstrict_20260603/train_晋P3795警.jpg
/home/wzzz/LPRNet/datasets/police_bluebase_cvstrict_20260603/train_晋L4275警.jpg,晋L4275警,晋,5,train,/home/wzzz/LPRNet/datasets/police_bluebase_cvstrict_20260603/train_晋L4275警.jpg
/home/wzzz/LPRNet/datasets/police_bluebase_cvstrict_20260603/train_晋E3392警.jpg,晋E3392警,晋,5,train,/home/wzzz/LPRNet/datasets/police_bluebase_cvstrict_20260603/train_晋E3392警.jpg
/home/wzzz/LPRNet/datasets/police_bluebase_cvstrict_20260603/train_晋T9763警.jpg,晋T9763警,晋,5,train,/home/wzzz/LPRNet/datasets/police_bluebase_cvstrict_20260603/train_晋T9763警.jpg
/home/wzzz/LPRNet/datasets/police_bluebase_cvstrict_20260603/train_晋H3410警.jpg,晋H3410警,晋,5,train,/home/wzzz/LPRNet/datasets/police_bluebase_cvstrict_20260603/train_晋H3410警.jpg
/home/wzzz/LPRNet/datasets/police_bluebase_cvstrict_20260603/train_晋Y7010警.jpg,晋Y7010警,晋,5,train,/home/wzzz/LPRNet/datasets/police_bluebase_cvstrict_20260603/train_晋Y7010警.jpg
/home/wzzz/LPRNet/datasets/police_bluebase_cvstrict_20260603/train_晋R0845警.jpg,晋R0845警,晋,5,train,/home/wzzz/LPRNet/datasets/police_bluebase_cvstrict_20260603/train_晋R0845警.jpg
/home/wzzz/LPRNet/datasets/police_bluebase_cvstrict_20260603/train_晋N9274警.jpg,晋N9274警,晋,5,train,/home/wzzz/LPRNet/datasets/police_bluebase_cvstrict_20260603/train_晋N9274警.jpg
/home/wzzz/LPRNet/datasets/police_bluebase_cvstrict_20260603/train_晋W2502警.jpg,晋W2502警,晋,5,train,/home/wzzz/LPRNet/datasets/police_bluebase_cvstrict_20260603/train_晋W2502警.jpg
/home/wzzz/LPRNet/datasets/police_bluebase_cvstrict_20260603/train_晋L5445警.jpg,晋L5445警,晋,5,train,/home/wzzz/LPRNet/datasets/police_bluebase_cvstrict_20260603/train_晋L5445警.jpg
/home/wzzz/LPRNet/datasets/police_bluebase_cvstrict_20260603/train_晋C4084警.jpg,晋C4084警,晋,5,train,/home/wzzz/LPRNet/datasets/police_bluebase_cvstrict_20260603/train_晋C4084警.jpg
/home/wzzz/LPRNet/datasets/police_bluebase_cvstrict_20260603/train_蒙U6535警.jpg,蒙U6535警,蒙,6,train,/home/wzzz/LPRNet/datasets/police_bluebase_cvstrict_20260603/train_蒙U6535警.jpg
/home/wzzz/LPRNet/datasets/police_bluebase_cvstrict_20260603/train_蒙R4723警.jpg,蒙R4723警,蒙,6,train,/home/wzzz/LPRNet/datasets/police_bluebase_cvstrict_20260603/train_蒙R4723警.jpg
/home/wzzz/LPRNet/datasets/police_bluebase_cvstrict_20260603/train_蒙T3399警.jpg,蒙T3399警,蒙,6,train,/home/wzzz/LPRNet/datasets/police_bluebase_cvstrict_20260603/train_蒙T3399警.jpg
/home/wzzz/LPRNet/datasets/police_bluebase_cvstrict_20260603/train_蒙L8930警.jpg,蒙L8930警,蒙,6,train,/home/wzzz/LPRNet/datasets/police_bluebase_cvstrict_20260603/train_蒙L8930警.jpg
/home/wzzz/LPRNet/datasets/police_bluebase_cvstrict_20260603/train_蒙W4322警.jpg,蒙W4322警,蒙,6,train,/home/wzzz/LPRNet/datasets/police_bluebase_cvstrict_20260603/train_蒙W4322警.jpg
/home/wzzz/LPRNet/datasets/police_bluebase_cvstrict_20260603/train_蒙P2728警.jpg,蒙P2728警,蒙,6,train,/home/wzzz/LPRNet/datasets/police_bluebase_cvstrict_20260603/train_蒙P2728警.jpg
/home/wzzz/LPRNet/datasets/police_bluebase_cvstrict_20260603/train_蒙S5920警.jpg,蒙S5920警,蒙,6,train,/home/wzzz/LPRNet/datasets/police_bluebase_cvstrict_20260603/train_蒙S5920警.jpg
/home/wzzz/LPRNet/datasets/police_bluebase_cvstrict_20260603/train_蒙T0795警.jpg,蒙T0795警,蒙,6,train,/home/wzzz/LPRNet/datasets/police_bluebase_cvstrict_20260603/train_蒙T0795警.jpg
/home/wzzz/LPRNet/datasets/police_bluebase_cvstrict_20260603/train_蒙S1401警.jpg,蒙S1401警,蒙,6,train,/home/wzzz/LPRNet/datasets/police_bluebase_cvstrict_20260603/train_蒙S1401警.jpg
/home/wzzz/LPRNet/datasets/police_bluebase_cvstrict_20260603/train_蒙E6692警.jpg,蒙E6692警,蒙,6,train,/home/wzzz/LPRNet/datasets/police_bluebase_cvstrict_20260603/train_蒙E6692警.jpg
/home/wzzz/LPRNet/datasets/police_bluebase_cvstrict_20260603/train_蒙V2037警.jpg,蒙V2037警,蒙,6,train,/home/wzzz/LPRNet/datasets/police_bluebase_cvstrict_20260603/train_蒙V2037警.jpg
/home/wzzz/LPRNet/datasets/police_bluebase_cvstrict_20260603/train_蒙A3652警.jpg,蒙A3652警,蒙,6,train,/home/wzzz/LPRNet/datasets/police_bluebase_cvstrict_20260603/train_蒙A3652警.jpg
/home/wzzz/LPRNet/datasets/police_bluebase_cvstrict_20260603/train_蒙Y4665警.jpg,蒙Y4665警,蒙,6,train,/home/wzzz/LPRNet/datasets/police_bluebase_cvstrict_20260603/train_蒙Y4665警.jpg
/home/wzzz/LPRNet/datasets/police_bluebase_cvstrict_20260603/train_蒙N9097警.jpg,蒙N9097警,蒙,6,train,/home/wzzz/LPRNet/datasets/police_bluebase_cvstrict_20260603/train_蒙N9097警.jpg
/home/wzzz/LPRNet/datasets/police_bluebase_cvstrict_20260603/train_蒙V5530警.jpg,蒙V5530警,蒙,6,train,/home/wzzz/LPRNet/datasets/police_bluebase_cvstrict_20260603/train_蒙V5530警.jpg
/home/wzzz/LPRNet/datasets/police_bluebase_cvstrict_20260603/train_蒙H7375警.jpg,蒙H7375警,蒙,6,train,/home/wzzz/LPRNet/datasets/police_bluebase_cvstrict_20260603/train_蒙H7375警.jpg
/home/wzzz/LPRNet/datasets/police_bluebase_cvstrict_20260603/train_蒙Q6216警.jpg,蒙Q6216警,蒙,6,train,/home/wzzz/LPRNet/datasets/police_bluebase_cvstrict_20260603/train_蒙Q6216警.jpg
/home/wzzz/LPRNet/datasets/police_bluebase_cvstrict_20260603/train_蒙S9319警.jpg,蒙S9319警,蒙,6,train,/home/wzzz/LPRNet/datasets/police_bluebase_cvstrict_20260603/train_蒙S9319警.jpg
/home/wzzz/LPRNet/datasets/police_bluebase_cvstrict_20260603/train_蒙C4850警.jpg,蒙C4850警,蒙,6,train,/home/wzzz/LPRNet/datasets/police_bluebase_cvstrict_20260603/train_蒙C4850警.jpg
/home/wzzz/LPRNet/datasets/police_bluebase_cvstrict_20260603/train_蒙S9407警.jpg,蒙S9407警,蒙,6,train,/home/wzzz/LPRNet/datasets/police_bluebase_cvstrict_20260603/train_蒙S9407警.jpg
/home/wzzz/LPRNet/datasets/police_bluebase_cvstrict_20260603/train_蒙P5022警.jpg,蒙P5022警,蒙,6,train,/home/wzzz/LPRNet/datasets/police_bluebase_cvstrict_20260603/train_蒙P5022警.jpg
/home/wzzz/LPRNet/datasets/police_bluebase_cvstrict_20260603/train_蒙G1033警.jpg,蒙G1033警,蒙,6,train,/home/wzzz/LPRNet/datasets/police_bluebase_cvstrict_20260603/train_蒙G1033警.jpg
/home/wzzz/LPRNet/datasets/police_bluebase_cvstrict_20260603/train_蒙C1636警.jpg,蒙C1636警,蒙,6,train,/home/wzzz/LPRNet/datasets/police_bluebase_cvstrict_20260603/train_蒙C1636警.jpg
/home/wzzz/LPRNet/datasets/police_bluebase_cvstrict_20260603/train_蒙F7155警.jpg,蒙F7155警,蒙,6,train,/home/wzzz/LPRNet/datasets/police_bluebase_cvstrict_20260603/train_蒙F7155警.jpg
/home/wzzz/LPRNet/datasets/police_bluebase_cvstrict_20260603/train_蒙U8656警.jpg,蒙U8656警,蒙,6,train,/home/wzzz/LPRNet/datasets/police_bluebase_cvstrict_20260603/train_蒙U8656警.jpg
/home/wzzz/LPRNet/datasets/police_bluebase_cvstrict_20260603/train_蒙Z0924警.jpg,蒙Z0924警,蒙,6,train,/home/wzzz/LPRNet/datasets/police_bluebase_cvstrict_20260603/train_蒙Z0924警.jpg
/home/wzzz/LPRNet/datasets/police_bluebase_cvstrict_20260603/train_蒙H2626警.jpg,蒙H2626警,蒙,6,train,/home/wzzz/LPRNet/datasets/police_bluebase_cvstrict_20260603/train_蒙H2626警.jpg
/home/wzzz/LPRNet/datasets/police_bluebase_cvstrict_20260603/train_蒙Z6700警.jpg,蒙Z6700警,蒙,6,train,/home/wzzz/LPRNet/datasets/police_bluebase_cvstrict_20260603/train_蒙Z6700警.jpg
/home/wzzz/LPRNet/datasets/police_bluebase_cvstrict_20260603/train_蒙N5598警.jpg,蒙N5598警,蒙,6,train,/home/wzzz/LPRNet/datasets/police_bluebase_cvstrict_20260603/train_蒙N5598警.jpg
/home/wzzz/LPRNet/datasets/police_bluebase_cvstrict_20260603/train_蒙W6365警.jpg,蒙W6365警,蒙,6,train,/home/wzzz/LPRNet/datasets/police_bluebase_cvstrict_20260603/train_蒙W6365警.jpg
/home/wzzz/LPRNet/datasets/police_bluebase_cvstrict_20260603/train_蒙Q1568警.jpg,蒙Q1568警,蒙,6,train,/home/wzzz/LPRNet/datasets/police_bluebase_cvstrict_20260603/train_蒙Q1568警.jpg
/home/wzzz/LPRNet/datasets/police_bluebase_cvstrict_20260603/train_蒙V0933警.jpg,蒙V0933警,蒙,6,train,/home/wzzz/LPRNet/datasets/police_bluebase_cvstrict_20260603/train_蒙V0933警.jpg
/home/wzzz/LPRNet/datasets/police_bluebase_cvstrict_20260603/train_蒙A2898警.jpg,蒙A2898警,蒙,6,train,/home/wzzz/LPRNet/datasets/police_bluebase_cvstrict_20260603/train_蒙A2898警.jpg
/home/wzzz/LPRNet/datasets/police_bluebase_cvstrict_20260603/train_蒙S4761警.jpg,蒙S4761警,蒙,6,train,/home/wzzz/LPRNet/datasets/police_bluebase_cvstrict_20260603/train_蒙S4761警.jpg
/home/wzzz/LPRNet/datasets/police_bluebase_cvstrict_20260603/train_蒙J1160警.jpg,蒙J1160警,蒙,6,train,/home/wzzz/LPRNet/datasets/police_bluebase_cvstrict_20260603/train_蒙J1160警.jpg
/home/wzzz/LPRNet/datasets/police_bluebase_cvstrict_20260603/train_蒙S3367警.jpg,蒙S3367警,蒙,6,train,/home/wzzz/LPRNet/datasets/police_bluebase_cvstrict_20260603/train_蒙S3367警.jpg
/home/wzzz/LPRNet/datasets/police_bluebase_cvstrict_20260603/train_蒙A6118警.jpg,蒙A6118警,蒙,6,train,/home/wzzz/LPRNet/datasets/police_bluebase_cvstrict_20260603/train_蒙A6118警.jpg
/home/wzzz/LPRNet/datasets/police_bluebase_cvstrict_20260603/train_蒙P0892警.jpg,蒙P0892警,蒙,6,train,/home/wzzz/LPRNet/datasets/police_bluebase_cvstrict_20260603/train_蒙P0892警.jpg
/home/wzzz/LPRNet/datasets/police_bluebase_cvstrict_20260603/train_蒙F1315警.jpg,蒙F1315警,蒙,6,train,/home/wzzz/LPRNet/datasets/police_bluebase_cvstrict_20260603/train_蒙F1315警.jpg
/home/wzzz/LPRNet/datasets/police_bluebase_cvstrict_20260603/train_蒙Y3569警.jpg,蒙Y3569警,蒙,6,train,/home/wzzz/LPRNet/datasets/police_bluebase_cvstrict_20260603/train_蒙Y3569警.jpg
/home/wzzz/LPRNet/datasets/police_bluebase_cvstrict_20260603/train_蒙D0133警.jpg,蒙D0133警,蒙,6,train,/home/wzzz/LPRNet/datasets/police_bluebase_cvstrict_20260603/train_蒙D0133警.jpg
/home/wzzz/LPRNet/datasets/police_bluebase_cvstrict_20260603/train_蒙K0706警.jpg,蒙K0706警,蒙,6,train,/home/wzzz/LPRNet/datasets/police_bluebase_cvstrict_20260603/train_蒙K0706警.jpg
/home/wzzz/LPRNet/datasets/police_bluebase_cvstrict_20260603/train_蒙W3036警.jpg,蒙W3036警,蒙,6,train,/home/wzzz/LPRNet/datasets/police_bluebase_cvstrict_20260603/train_蒙W3036警.jpg
/home/wzzz/LPRNet/datasets/police_bluebase_cvstrict_20260603/train_蒙K9191警.jpg,蒙K9191警,蒙,6,train,/home/wzzz/LPRNet/datasets/police_bluebase_cvstrict_20260603/train_蒙K9191警.jpg
/home/wzzz/LPRNet/datasets/police_bluebase_cvstrict_20260603/train_蒙Z3551警.jpg,蒙Z3551警,蒙,6,train,/home/wzzz/LPRNet/datasets/police_bluebase_cvstrict_20260603/train_蒙Z3551警.jpg
/home/wzzz/LPRNet/datasets/police_bluebase_cvstrict_20260603/train_蒙N7630警.jpg,蒙N7630警,蒙,6,train,/home/wzzz/LPRNet/datasets/police_bluebase_cvstrict_20260603/train_蒙N7630警.jpg
/home/wzzz/LPRNet/datasets/police_bluebase_cvstrict_20260603/train_蒙L7399警.jpg,蒙L7399警,蒙,6,train,/home/wzzz/LPRNet/datasets/police_bluebase_cvstrict_20260603/train_蒙L7399警.jpg
/home/wzzz/LPRNet/datasets/police_bluebase_cvstrict_20260603/train_蒙S4557警.jpg,蒙S4557警,蒙,6,train,/home/wzzz/LPRNet/datasets/police_bluebase_cvstrict_20260603/train_蒙S4557警.jpg
/home/wzzz/LPRNet/datasets/police_bluebase_cvstrict_20260603/train_蒙D1807警.jpg,蒙D1807警,蒙,6,train,/home/wzzz/LPRNet/datasets/police_bluebase_cvstrict_20260603/train_蒙D1807警.jpg
/home/wzzz/LPRNet/datasets/police_bluebase_cvstrict_20260603/train_蒙L4883警.jpg,蒙L4883警,蒙,6,train,/home/wzzz/LPRNet/datasets/police_bluebase_cvstrict_20260603/train_蒙L4883警.jpg
/home/wzzz/LPRNet/datasets/police_bluebase_cvstrict_20260603/train_辽W1192警.jpg,辽W1192警,辽,7,train,/home/wzzz/LPRNet/datasets/police_bluebase_cvstrict_20260603/train_辽W1192警.jpg
/home/wzzz/LPRNet/datasets/police_bluebase_cvstrict_20260603/train_辽W3197警.jpg,辽W3197警,辽,7,train,/home/wzzz/LPRNet/datasets/police_bluebase_cvstrict_20260603/train_辽W3197警.jpg
/home/wzzz/LPRNet/datasets/police_bluebase_cvstrict_20260603/train_辽G9730警.jpg,辽G9730警,辽,7,train,/home/wzzz/LPRNet/datasets/police_bluebase_cvstrict_20260603/train_辽G9730警.jpg
/home/wzzz/LPRNet/datasets/police_bluebase_cvstrict_20260603/train_辽K7914警.jpg,辽K7914警,辽,7,train,/home/wzzz/LPRNet/datasets/police_bluebase_cvstrict_20260603/train_辽K7914警.jpg
/home/wzzz/LPRNet/datasets/police_bluebase_cvstrict_20260603/train_辽A5610警.jpg,辽A5610警,辽,7,train,/home/wzzz/LPRNet/datasets/police_bluebase_cvstrict_20260603/train_辽A5610警.jpg
/home/wzzz/LPRNet/datasets/police_bluebase_cvstrict_20260603/train_辽T1215警.jpg,辽T1215警,辽,7,train,/home/wzzz/LPRNet/datasets/police_bluebase_cvstrict_20260603/train_辽T1215警.jpg
/home/wzzz/LPRNet/datasets/police_bluebase_cvstrict_20260603/train_辽A2284警.jpg,辽A2284警,辽,7,train,/home/wzzz/LPRNet/datasets/police_bluebase_cvstrict_20260603/train_辽A2284警.jpg
/home/wzzz/LPRNet/datasets/police_bluebase_cvstrict_20260603/train_辽A1381警.jpg,辽A1381警,辽,7,train,/home/wzzz/LPRNet/datasets/police_bluebase_cvstrict_20260603/train_辽A1381警.jpg
/home/wzzz/LPRNet/datasets/police_bluebase_cvstrict_20260603/train_辽G6962警.jpg,辽G6962警,辽,7,train,/home/wzzz/LPRNet/datasets/police_bluebase_cvstrict_20260603/train_辽G6962警.jpg
/home/wzzz/LPRNet/datasets/police_bluebase_cvstrict_20260603/train_辽B8604警.jpg,辽B8604警,辽,7,train,/home/wzzz/LPRNet/datasets/police_bluebase_cvstrict_20260603/train_辽B8604警.jpg
/home/wzzz/LPRNet/datasets/police_bluebase_cvstrict_20260603/train_辽N3320警.jpg,辽N3320警,辽,7,train,/home/wzzz/LPRNet/datasets/police_bluebase_cvstrict_20260603/train_辽N3320警.jpg
/home/wzzz/LPRNet/datasets/police_bluebase_cvstrict_20260603/train_辽H3932警.jpg,辽H3932警,辽,7,train,/home/wzzz/LPRNet/datasets/police_bluebase_cvstrict_20260603/train_辽H3932警.jpg
/home/wzzz/LPRNet/datasets/police_bluebase_cvstrict_20260603/train_辽V0344警.jpg,辽V0344警,辽,7,train,/home/wzzz/LPRNet/datasets/police_bluebase_cvstrict_20260603/train_辽V0344警.jpg
/home/wzzz/LPRNet/datasets/police_bluebase_cvstrict_20260603/train_辽K8132警.jpg,辽K8132警,辽,7,train,/home/wzzz/LPRNet/datasets/police_bluebase_cvstrict_20260603/train_辽K8132警.jpg
/home/wzzz/LPRNet/datasets/police_bluebase_cvstrict_20260603/train_辽M6752警.jpg,辽M6752警,辽,7,train,/home/wzzz/LPRNet/datasets/police_bluebase_cvstrict_20260603/train_辽M6752警.jpg
/home/wzzz/LPRNet/datasets/police_bluebase_cvstrict_20260603/train_辽B0914警.jpg,辽B0914警,辽,7,train,/home/wzzz/LPRNet/datasets/police_bluebase_cvstrict_20260603/train_辽B0914警.jpg
/home/wzzz/LPRNet/datasets/police_bluebase_cvstrict_20260603/train_辽W1616警.jpg,辽W1616警,辽,7,train,/home/wzzz/LPRNet/datasets/police_bluebase_cvstrict_20260603/train_辽W1616警.jpg
/home/wzzz/LPRNet/datasets/police_bluebase_cvstrict_20260603/train_辽Z3502警.jpg,辽Z3502警,辽,7,train,/home/wzzz/LPRNet/datasets/police_bluebase_cvstrict_20260603/train_辽Z3502警.jpg
/home/wzzz/LPRNet/datasets/police_bluebase_cvstrict_20260603/train_辽U9242警.jpg,辽U9242警,辽,7,train,/home/wzzz/LPRNet/datasets/police_bluebase_cvstrict_20260603/train_辽U9242警.jpg
/home/wzzz/LPRNet/datasets/police_bluebase_cvstrict_20260603/train_辽S3503警.jpg,辽S3503警,辽,7,train,/home/wzzz/LPRNet/datasets/police_bluebase_cvstrict_20260603/train_辽S3503警.jpg
/home/wzzz/LPRNet/datasets/police_bluebase_cvstrict_20260603/train_辽T4887警.jpg,辽T4887警,辽,7,train,/home/wzzz/LPRNet/datasets/police_bluebase_cvstrict_20260603/train_辽T4887警.jpg
/home/wzzz/LPRNet/datasets/police_bluebase_cvstrict_20260603/train_辽W7239警.jpg,辽W7239警,辽,7,train,/home/wzzz/LPRNet/datasets/police_bluebase_cvstrict_20260603/train_辽W7239警.jpg
/home/wzzz/LPRNet/datasets/police_bluebase_cvstrict_20260603/train_辽Y5849警.jpg,辽Y5849警,辽,7,train,/home/wzzz/LPRNet/datasets/police_bluebase_cvstrict_20260603/train_辽Y5849警.jpg
/home/wzzz/LPRNet/datasets/police_bluebase_cvstrict_20260603/train_辽H5355警.jpg,辽H5355警,辽,7,train,/home/wzzz/LPRNet/datasets/police_bluebase_cvstrict_20260603/train_辽H5355警.jpg
/home/wzzz/LPRNet/datasets/police_bluebase_cvstrict_20260603/train_辽W7476警.jpg,辽W7476警,辽,7,train,/home/wzzz/LPRNet/datasets/police_bluebase_cvstrict_20260603/train_辽W7476警.jpg
/home/wzzz/LPRNet/datasets/police_bluebase_cvstrict_20260603/train_辽P5727警.jpg,辽P5727警,辽,7,train,/home/wzzz/LPRNet/datasets/police_bluebase_cvstrict_20260603/train_辽P5727警.jpg
/home/wzzz/LPRNet/datasets/police_bluebase_cvstrict_20260603/train_辽S4600警.jpg,辽S4600警,辽,7,train,/home/wzzz/LPRNet/datasets/police_bluebase_cvstrict_20260603/train_辽S4600警.jpg
/home/wzzz/LPRNet/datasets/police_bluebase_cvstrict_20260603/train_辽A8614警.jpg,辽A8614警,辽,7,train,/home/wzzz/LPRNet/datasets/police_bluebase_cvstrict_20260603/train_辽A8614警.jpg
/home/wzzz/LPRNet/datasets/police_bluebase_cvstrict_20260603/train_辽H1761警.jpg,辽H1761警,辽,7,train,/home/wzzz/LPRNet/datasets/police_bluebase_cvstrict_20260603/train_辽H1761警.jpg
/home/wzzz/LPRNet/datasets/police_bluebase_cvstrict_20260603/train_辽Z6646警.jpg,辽Z6646警,辽,7,train,/home/wzzz/LPRNet/datasets/police_bluebase_cvstrict_20260603/train_辽Z6646警.jpg
/home/wzzz/LPRNet/datasets/police_bluebase_cvstrict_20260603/train_辽P4327警.jpg,辽P4327警,辽,7,train,/home/wzzz/LPRNet/datasets/police_bluebase_cvstrict_20260603/train_辽P4327警.jpg
/home/wzzz/LPRNet/datasets/police_bluebase_cvstrict_20260603/train_辽B4060警.jpg,辽B4060警,辽,7,train,/home/wzzz/LPRNet/datasets/police_bluebase_cvstrict_20260603/train_辽B4060警.jpg
/home/wzzz/LPRNet/datasets/police_bluebase_cvstrict_20260603/train_辽G6145警.jpg,辽G6145警,辽,7,train,/home/wzzz/LPRNet/datasets/police_bluebase_cvstrict_20260603/train_辽G6145警.jpg
/home/wzzz/LPRNet/datasets/police_bluebase_cvstrict_20260603/train_辽W4781警.jpg,辽W4781警,辽,7,train,/home/wzzz/LPRNet/datasets/police_bluebase_cvstrict_20260603/train_辽W4781警.jpg
/home/wzzz/LPRNet/datasets/police_bluebase_cvstrict_20260603/train_辽Q1447警.jpg,辽Q1447警,辽,7,train,/home/wzzz/LPRNet/datasets/police_bluebase_cvstrict_20260603/train_辽Q1447警.jpg
/home/wzzz/LPRNet/datasets/police_bluebase_cvstrict_20260603/train_辽U8924警.jpg,辽U8924警,辽,7,train,/home/wzzz/LPRNet/datasets/police_bluebase_cvstrict_20260603/train_辽U8924警.jpg
/home/wzzz/LPRNet/datasets/police_bluebase_cvstrict_20260603/train_辽P7311警.jpg,辽P7311警,辽,7,train,/home/wzzz/LPRNet/datasets/police_bluebase_cvstrict_20260603/train_辽P7311警.jpg
/home/wzzz/LPRNet/datasets/police_bluebase_cvstrict_20260603/train_辽P8614警.jpg,辽P8614警,辽,7,train,/home/wzzz/LPRNet/datasets/police_bluebase_cvstrict_20260603/train_辽P8614警.jpg
/home/wzzz/LPRNet/datasets/police_bluebase_cvstrict_20260603/train_辽M7561警.jpg,辽M7561警,辽,7,train,/home/wzzz/LPRNet/datasets/police_bluebase_cvstrict_20260603/train_辽M7561警.jpg
/home/wzzz/LPRNet/datasets/police_bluebase_cvstrict_20260603/train_辽S4571警.jpg,辽S4571警,辽,7,train,/home/wzzz/LPRNet/datasets/police_bluebase_cvstrict_20260603/train_辽S4571警.jpg
/home/wzzz/LPRNet/datasets/police_bluebase_cvstrict_20260603/train_辽Q4966警.jpg,辽Q4966警,辽,7,train,/home/wzzz/LPRNet/datasets/police_bluebase_cvstrict_20260603/train_辽Q4966警.jpg
/home/wzzz/LPRNet/datasets/police_bluebase_cvstrict_20260603/train_辽F7788警.jpg,辽F7788警,辽,7,train,/home/wzzz/LPRNet/datasets/police_bluebase_cvstrict_20260603/train_辽F7788警.jpg
/home/wzzz/LPRNet/datasets/police_bluebase_cvstrict_20260603/train_辽W4342警.jpg,辽W4342警,辽,7,train,/home/wzzz/LPRNet/datasets/police_bluebase_cvstrict_20260603/train_辽W4342警.jpg
/home/wzzz/LPRNet/datasets/police_bluebase_cvstrict_20260603/train_辽A9529警.jpg,辽A9529警,辽,7,train,/home/wzzz/LPRNet/datasets/police_bluebase_cvstrict_20260603/train_辽A9529警.jpg
/home/wzzz/LPRNet/datasets/police_bluebase_cvstrict_20260603/train_辽H8910警.jpg,辽H8910警,辽,7,train,/home/wzzz/LPRNet/datasets/police_bluebase_cvstrict_20260603/train_辽H8910警.jpg
/home/wzzz/LPRNet/datasets/police_bluebase_cvstrict_20260603/train_辽Y3452警.jpg,辽Y3452警,辽,7,train,/home/wzzz/LPRNet/datasets/police_bluebase_cvstrict_20260603/train_辽Y3452警.jpg
/home/wzzz/LPRNet/datasets/police_bluebase_cvstrict_20260603/train_辽D7163警.jpg,辽D7163警,辽,7,train,/home/wzzz/LPRNet/datasets/police_bluebase_cvstrict_20260603/train_辽D7163警.jpg
/home/wzzz/LPRNet/datasets/police_bluebase_cvstrict_20260603/train_辽N4020警.jpg,辽N4020警,辽,7,train,/home/wzzz/LPRNet/datasets/police_bluebase_cvstrict_20260603/train_辽N4020警.jpg
/home/wzzz/LPRNet/datasets/police_bluebase_cvstrict_20260603/train_辽A9664警.jpg,辽A9664警,辽,7,train,/home/wzzz/LPRNet/datasets/police_bluebase_cvstrict_20260603/train_辽A9664警.jpg
/home/wzzz/LPRNet/datasets/police_bluebase_cvstrict_20260603/train_辽T0383警.jpg,辽T0383警,辽,7,train,/home/wzzz/LPRNet/datasets/police_bluebase_cvstrict_20260603/train_辽T0383警.jpg
/home/wzzz/LPRNet/datasets/police_bluebase_cvstrict_20260603/train_吉D8682警.jpg,吉D8682警,吉,8,train,/home/wzzz/LPRNet/datasets/police_bluebase_cvstrict_20260603/train_吉D8682警.jpg
/home/wzzz/LPRNet/datasets/police_bluebase_cvstrict_20260603/train_吉H5434警.jpg,吉H5434警,吉,8,train,/home/wzzz/LPRNet/datasets/police_bluebase_cvstrict_20260603/train_吉H5434警.jpg
/home/wzzz/LPRNet/datasets/police_bluebase_cvstrict_20260603/train_吉C3419警.jpg,吉C3419警,吉,8,train,/home/wzzz/LPRNet/datasets/police_bluebase_cvstrict_20260603/train_吉C3419警.jpg
/home/wzzz/LPRNet/datasets/police_bluebase_cvstrict_20260603/train_吉Y4977警.jpg,吉Y4977警,吉,8,train,/home/wzzz/LPRNet/datasets/police_bluebase_cvstrict_20260603/train_吉Y4977警.jpg
/home/wzzz/LPRNet/datasets/police_bluebase_cvstrict_20260603/train_吉Q3498警.jpg,吉Q3498警,吉,8,train,/home/wzzz/LPRNet/datasets/police_bluebase_cvstrict_20260603/train_吉Q3498警.jpg
/home/wzzz/LPRNet/datasets/police_bluebase_cvstrict_20260603/train_吉W1031警.jpg,吉W1031警,吉,8,train,/home/wzzz/LPRNet/datasets/police_bluebase_cvstrict_20260603/train_吉W1031警.jpg
/home/wzzz/LPRNet/datasets/police_bluebase_cvstrict_20260603/train_吉R7068警.jpg,吉R7068警,吉,8,train,/home/wzzz/LPRNet/datasets/police_bluebase_cvstrict_20260603/train_吉R7068警.jpg
/home/wzzz/LPRNet/datasets/police_bluebase_cvstrict_20260603/train_吉X4480警.jpg,吉X4480警,吉,8,train,/home/wzzz/LPRNet/datasets/police_bluebase_cvstrict_20260603/train_吉X4480警.jpg
/home/wzzz/LPRNet/datasets/police_bluebase_cvstrict_20260603/train_吉Y1498警.jpg,吉Y1498警,吉,8,train,/home/wzzz/LPRNet/datasets/police_bluebase_cvstrict_20260603/train_吉Y1498警.jpg
/home/wzzz/LPRNet/datasets/police_bluebase_cvstrict_20260603/train_吉N0014警.jpg,吉N0014警,吉,8,train,/home/wzzz/LPRNet/datasets/police_bluebase_cvstrict_20260603/train_吉N0014警.jpg
/home/wzzz/LPRNet/datasets/police_bluebase_cvstrict_20260603/train_吉B0115警.jpg,吉B0115警,吉,8,train,/home/wzzz/LPRNet/datasets/police_bluebase_cvstrict_20260603/train_吉B0115警.jpg
/home/wzzz/LPRNet/datasets/police_bluebase_cvstrict_20260603/train_吉G3754警.jpg,吉G3754警,吉,8,train,/home/wzzz/LPRNet/datasets/police_bluebase_cvstrict_20260603/train_吉G3754警.jpg
/home/wzzz/LPRNet/datasets/police_bluebase_cvstrict_20260603/train_吉P5335警.jpg,吉P5335警,吉,8,train,/home/wzzz/LPRNet/datasets/police_bluebase_cvstrict_20260603/train_吉P5335警.jpg
/home/wzzz/LPRNet/datasets/police_bluebase_cvstrict_20260603/train_吉C5431警.jpg,吉C5431警,吉,8,train,/home/wzzz/LPRNet/datasets/police_bluebase_cvstrict_20260603/train_吉C5431警.jpg
/home/wzzz/LPRNet/datasets/police_bluebase_cvstrict_20260603/train_吉K0208警.jpg,吉K0208警,吉,8,train,/home/wzzz/LPRNet/datasets/police_bluebase_cvstrict_20260603/train_吉K0208警.jpg
/home/wzzz/LPRNet/datasets/police_bluebase_cvstrict_20260603/train_吉P6124警.jpg,吉P6124警,吉,8,train,/home/wzzz/LPRNet/datasets/police_bluebase_cvstrict_20260603/train_吉P6124警.jpg
/home/wzzz/LPRNet/datasets/police_bluebase_cvstrict_20260603/train_吉E2680警.jpg,吉E2680警,吉,8,train,/home/wzzz/LPRNet/datasets/police_bluebase_cvstrict_20260603/train_吉E2680警.jpg
/home/wzzz/LPRNet/datasets/police_bluebase_cvstrict_20260603/train_吉E1488警.jpg,吉E1488警,吉,8,train,/home/wzzz/LPRNet/datasets/police_bluebase_cvstrict_20260603/train_吉E1488警.jpg
/home/wzzz/LPRNet/datasets/police_bluebase_cvstrict_20260603/train_吉X7839警.jpg,吉X7839警,吉,8,train,/home/wzzz/LPRNet/datasets/police_bluebase_cvstrict_20260603/train_吉X7839警.jpg
/home/wzzz/LPRNet/datasets/police_bluebase_cvstrict_20260603/train_吉H3329警.jpg,吉H3329警,吉,8,train,/home/wzzz/LPRNet/datasets/police_bluebase_cvstrict_20260603/train_吉H3329警.jpg
/home/wzzz/LPRNet/datasets/police_bluebase_cvstrict_20260603/train_吉P1292警.jpg,吉P1292警,吉,8,train,/home/wzzz/LPRNet/datasets/police_bluebase_cvstrict_20260603/train_吉P1292警.jpg
/home/wzzz/LPRNet/datasets/police_bluebase_cvstrict_20260603/train_吉L8070警.jpg,吉L8070警,吉,8,train,/home/wzzz/LPRNet/datasets/police_bluebase_cvstrict_20260603/train_吉L8070警.jpg
/home/wzzz/LPRNet/datasets/police_bluebase_cvstrict_20260603/train_吉J5271警.jpg,吉J5271警,吉,8,train,/home/wzzz/LPRNet/datasets/police_bluebase_cvstrict_20260603/train_吉J5271警.jpg
/home/wzzz/LPRNet/datasets/police_bluebase_cvstrict_20260603/train_吉K2509警.jpg,吉K2509警,吉,8,train,/home/wzzz/LPRNet/datasets/police_bluebase_cvstrict_20260603/train_吉K2509警.jpg
/home/wzzz/LPRNet/datasets/police_bluebase_cvstrict_20260603/train_吉J3903警.jpg,吉J3903警,吉,8,train,/home/wzzz/LPRNet/datasets/police_bluebase_cvstrict_20260603/train_吉J3903警.jpg
/home/wzzz/LPRNet/datasets/police_bluebase_cvstrict_20260603/train_吉F2367警.jpg,吉F2367警,吉,8,train,/home/wzzz/LPRNet/datasets/police_bluebase_cvstrict_20260603/train_吉F2367警.jpg
/home/wzzz/LPRNet/datasets/police_bluebase_cvstrict_20260603/train_吉J9533警.jpg,吉J9533警,吉,8,train,/home/wzzz/LPRNet/datasets/police_bluebase_cvstrict_20260603/train_吉J9533警.jpg
/home/wzzz/LPRNet/datasets/police_bluebase_cvstrict_20260603/train_吉D2723警.jpg,吉D2723警,吉,8,train,/home/wzzz/LPRNet/datasets/police_bluebase_cvstrict_20260603/train_吉D2723警.jpg
/home/wzzz/LPRNet/datasets/police_bluebase_cvstrict_20260603/train_吉J8084警.jpg,吉J8084警,吉,8,train,/home/wzzz/LPRNet/datasets/police_bluebase_cvstrict_20260603/train_吉J8084警.jpg
/home/wzzz/LPRNet/datasets/police_bluebase_cvstrict_20260603/train_吉W3784警.jpg,吉W3784警,吉,8,train,/home/wzzz/LPRNet/datasets/police_bluebase_cvstrict_20260603/train_吉W3784警.jpg
/home/wzzz/LPRNet/datasets/police_bluebase_cvstrict_20260603/train_吉D0736警.jpg,吉D0736警,吉,8,train,/home/wzzz/LPRNet/datasets/police_bluebase_cvstrict_20260603/train_吉D0736警.jpg
/home/wzzz/LPRNet/datasets/police_bluebase_cvstrict_20260603/train_吉X8895警.jpg,吉X8895警,吉,8,train,/home/wzzz/LPRNet/datasets/police_bluebase_cvstrict_20260603/train_吉X8895警.jpg
/home/wzzz/LPRNet/datasets/police_bluebase_cvstrict_20260603/train_吉D2799警.jpg,吉D2799警,吉,8,train,/home/wzzz/LPRNet/datasets/police_bluebase_cvstrict_20260603/train_吉D2799警.jpg
/home/wzzz/LPRNet/datasets/police_bluebase_cvstrict_20260603/train_吉W6606警.jpg,吉W6606警,吉,8,train,/home/wzzz/LPRNet/datasets/police_bluebase_cvstrict_20260603/train_吉W6606警.jpg
/home/wzzz/LPRNet/datasets/police_bluebase_cvstrict_20260603/train_吉Z1662警.jpg,吉Z1662警,吉,8,train,/home/wzzz/LPRNet/datasets/police_bluebase_cvstrict_20260603/train_吉Z1662警.jpg
/home/wzzz/LPRNet/datasets/police_bluebase_cvstrict_20260603/train_吉Z7551警.jpg,吉Z7551警,吉,8,train,/home/wzzz/LPRNet/datasets/police_bluebase_cvstrict_20260603/train_吉Z7551警.jpg
/home/wzzz/LPRNet/datasets/police_bluebase_cvstrict_20260603/train_吉K2237警.jpg,吉K2237警,吉,8,train,/home/wzzz/LPRNet/datasets/police_bluebase_cvstrict_20260603/train_吉K2237警.jpg
/home/wzzz/LPRNet/datasets/police_bluebase_cvstrict_20260603/train_吉R8369警.jpg,吉R8369警,吉,8,train,/home/wzzz/LPRNet/datasets/police_bluebase_cvstrict_20260603/train_吉R8369警.jpg
/home/wzzz/LPRNet/datasets/police_bluebase_cvstrict_20260603/train_吉F1798警.jpg,吉F1798警,吉,8,train,/home/wzzz/LPRNet/datasets/police_bluebase_cvstrict_20260603/train_吉F1798警.jpg
/home/wzzz/LPRNet/datasets/police_bluebase_cvstrict_20260603/train_吉K8744警.jpg,吉K8744警,吉,8,train,/home/wzzz/LPRNet/datasets/police_bluebase_cvstrict_20260603/train_吉K8744警.jpg
/home/wzzz/LPRNet/datasets/police_bluebase_cvstrict_20260603/train_吉U3241警.jpg,吉U3241警,吉,8,train,/home/wzzz/LPRNet/datasets/police_bluebase_cvstrict_20260603/train_吉U3241警.jpg
/home/wzzz/LPRNet/datasets/police_bluebase_cvstrict_20260603/train_吉R8309警.jpg,吉R8309警,吉,8,train,/home/wzzz/LPRNet/datasets/police_bluebase_cvstrict_20260603/train_吉R8309警.jpg
/home/wzzz/LPRNet/datasets/police_bluebase_cvstrict_20260603/train_吉C6804警.jpg,吉C6804警,吉,8,train,/home/wzzz/LPRNet/datasets/police_bluebase_cvstrict_20260603/train_吉C6804警.jpg
/home/wzzz/LPRNet/datasets/police_bluebase_cvstrict_20260603/train_吉T5115警.jpg,吉T5115警,吉,8,train,/home/wzzz/LPRNet/datasets/police_bluebase_cvstrict_20260603/train_吉T5115警.jpg
/home/wzzz/LPRNet/datasets/police_bluebase_cvstrict_20260603/train_吉V7202警.jpg,吉V7202警,吉,8,train,/home/wzzz/LPRNet/datasets/police_bluebase_cvstrict_20260603/train_吉V7202警.jpg
/home/wzzz/LPRNet/datasets/police_bluebase_cvstrict_20260603/train_吉S1271警.jpg,吉S1271警,吉,8,train,/home/wzzz/LPRNet/datasets/police_bluebase_cvstrict_20260603/train_吉S1271警.jpg
/home/wzzz/LPRNet/datasets/police_bluebase_cvstrict_20260603/train_吉F2167警.jpg,吉F2167警,吉,8,train,/home/wzzz/LPRNet/datasets/police_bluebase_cvstrict_20260603/train_吉F2167警.jpg
/home/wzzz/LPRNet/datasets/police_bluebase_cvstrict_20260603/train_吉G8030警.jpg,吉G8030警,吉,8,train,/home/wzzz/LPRNet/datasets/police_bluebase_cvstrict_20260603/train_吉G8030警.jpg
/home/wzzz/LPRNet/datasets/police_bluebase_cvstrict_20260603/train_吉Y6384警.jpg,吉Y6384警,吉,8,train,/home/wzzz/LPRNet/datasets/police_bluebase_cvstrict_20260603/train_吉Y6384警.jpg
/home/wzzz/LPRNet/datasets/police_bluebase_cvstrict_20260603/train_吉U8359警.jpg,吉U8359警,吉,8,train,/home/wzzz/LPRNet/datasets/police_bluebase_cvstrict_20260603/train_吉U8359警.jpg
/home/wzzz/LPRNet/datasets/police_bluebase_cvstrict_20260603/train_黑A0189警.jpg,黑A0189警,黑,9,train,/home/wzzz/LPRNet/datasets/police_bluebase_cvstrict_20260603/train_黑A0189警.jpg
/home/wzzz/LPRNet/datasets/police_bluebase_cvstrict_20260603/train_黑Q2845警.jpg,黑Q2845警,黑,9,train,/home/wzzz/LPRNet/datasets/police_bluebase_cvstrict_20260603/train_黑Q2845警.jpg
/home/wzzz/LPRNet/datasets/police_bluebase_cvstrict_20260603/train_黑H9481警.jpg,黑H9481警,黑,9,train,/home/wzzz/LPRNet/datasets/police_bluebase_cvstrict_20260603/train_黑H9481警.jpg
/home/wzzz/LPRNet/datasets/police_bluebase_cvstrict_20260603/train_黑L6651警.jpg,黑L6651警,黑,9,train,/home/wzzz/LPRNet/datasets/police_bluebase_cvstrict_20260603/train_黑L6651警.jpg
/home/wzzz/LPRNet/datasets/police_bluebase_cvstrict_20260603/train_黑S5702警.jpg,黑S5702警,黑,9,train,/home/wzzz/LPRNet/datasets/police_bluebase_cvstrict_20260603/train_黑S5702警.jpg
/home/wzzz/LPRNet/datasets/police_bluebase_cvstrict_20260603/train_黑G0719警.jpg,黑G0719警,黑,9,train,/home/wzzz/LPRNet/datasets/police_bluebase_cvstrict_20260603/train_黑G0719警.jpg
/home/wzzz/LPRNet/datasets/police_bluebase_cvstrict_20260603/train_黑U3803警.jpg,黑U3803警,黑,9,train,/home/wzzz/LPRNet/datasets/police_bluebase_cvstrict_20260603/train_黑U3803警.jpg
/home/wzzz/LPRNet/datasets/police_bluebase_cvstrict_20260603/train_黑X8100警.jpg,黑X8100警,黑,9,train,/home/wzzz/LPRNet/datasets/police_bluebase_cvstrict_20260603/train_黑X8100警.jpg
/home/wzzz/LPRNet/datasets/police_bluebase_cvstrict_20260603/train_黑L8501警.jpg,黑L8501警,黑,9,train,/home/wzzz/LPRNet/datasets/police_bluebase_cvstrict_20260603/train_黑L8501警.jpg
/home/wzzz/LPRNet/datasets/police_bluebase_cvstrict_20260603/train_黑M4061警.jpg,黑M4061警,黑,9,train,/home/wzzz/LPRNet/datasets/police_bluebase_cvstrict_20260603/train_黑M4061警.jpg
/home/wzzz/LPRNet/datasets/police_bluebase_cvstrict_20260603/train_黑Y7902警.jpg,黑Y7902警,黑,9,train,/home/wzzz/LPRNet/datasets/police_bluebase_cvstrict_20260603/train_黑Y7902警.jpg
/home/wzzz/LPRNet/datasets/police_bluebase_cvstrict_20260603/train_黑R3585警.jpg,黑R3585警,黑,9,train,/home/wzzz/LPRNet/datasets/police_bluebase_cvstrict_20260603/train_黑R3585警.jpg
/home/wzzz/LPRNet/datasets/police_bluebase_cvstrict_20260603/train_黑S8243警.jpg,黑S8243警,黑,9,train,/home/wzzz/LPRNet/datasets/police_bluebase_cvstrict_20260603/train_黑S8243警.jpg
/home/wzzz/LPRNet/datasets/police_bluebase_cvstrict_20260603/train_黑X6955警.jpg,黑X6955警,黑,9,train,/home/wzzz/LPRNet/datasets/police_bluebase_cvstrict_20260603/train_黑X6955警.jpg
/home/wzzz/LPRNet/datasets/police_bluebase_cvstrict_20260603/train_黑N3345警.jpg,黑N3345警,黑,9,train,/home/wzzz/LPRNet/datasets/police_bluebase_cvstrict_20260603/train_黑N3345警.jpg
/home/wzzz/LPRNet/datasets/police_bluebase_cvstrict_20260603/train_黑X7069警.jpg,黑X7069警,黑,9,train,/home/wzzz/LPRNet/datasets/police_bluebase_cvstrict_20260603/train_黑X7069警.jpg
/home/wzzz/LPRNet/datasets/police_bluebase_cvstrict_20260603/train_黑D8882警.jpg,黑D8882警,黑,9,train,/home/wzzz/LPRNet/datasets/police_bluebase_cvstrict_20260603/train_黑D8882警.jpg
/home/wzzz/LPRNet/datasets/police_bluebase_cvstrict_20260603/train_黑L9679警.jpg,黑L9679警,黑,9,train,/home/wzzz/LPRNet/datasets/police_bluebase_cvstrict_20260603/train_黑L9679警.jpg
/home/wzzz/LPRNet/datasets/police_bluebase_cvstrict_20260603/train_黑M3155警.jpg,黑M3155警,黑,9,train,/home/wzzz/LPRNet/datasets/police_bluebase_cvstrict_20260603/train_黑M3155警.jpg
/home/wzzz/LPRNet/datasets/police_bluebase_cvstrict_20260603/train_黑B1205警.jpg,黑B1205警,黑,9,train,/home/wzzz/LPRNet/datasets/police_bluebase_cvstrict_20260603/train_黑B1205警.jpg
/home/wzzz/LPRNet/datasets/police_bluebase_cvstrict_20260603/train_黑H2079警.jpg,黑H2079警,黑,9,train,/home/wzzz/LPRNet/datasets/police_bluebase_cvstrict_20260603/train_黑H2079警.jpg
/home/wzzz/LPRNet/datasets/police_bluebase_cvstrict_20260603/train_黑T7261警.jpg,黑T7261警,黑,9,train,/home/wzzz/LPRNet/datasets/police_bluebase_cvstrict_20260603/train_黑T7261警.jpg
/home/wzzz/LPRNet/datasets/police_bluebase_cvstrict_20260603/train_黑S2065警.jpg,黑S2065警,黑,9,train,/home/wzzz/LPRNet/datasets/police_bluebase_cvstrict_20260603/train_黑S2065警.jpg
/home/wzzz/LPRNet/datasets/police_bluebase_cvstrict_20260603/train_黑L7006警.jpg,黑L7006警,黑,9,train,/home/wzzz/LPRNet/datasets/police_bluebase_cvstrict_20260603/train_黑L7006警.jpg
/home/wzzz/LPRNet/datasets/police_bluebase_cvstrict_20260603/train_黑K1878警.jpg,黑K1878警,黑,9,train,/home/wzzz/LPRNet/datasets/police_bluebase_cvstrict_20260603/train_黑K1878警.jpg
/home/wzzz/LPRNet/datasets/police_bluebase_cvstrict_20260603/train_黑P4373警.jpg,黑P4373警,黑,9,train,/home/wzzz/LPRNet/datasets/police_bluebase_cvstrict_20260603/train_黑P4373警.jpg
/home/wzzz/LPRNet/datasets/police_bluebase_cvstrict_20260603/train_黑G0732警.jpg,黑G0732警,黑,9,train,/home/wzzz/LPRNet/datasets/police_bluebase_cvstrict_20260603/train_黑G0732警.jpg
/home/wzzz/LPRNet/datasets/police_bluebase_cvstrict_20260603/train_黑W6179警.jpg,黑W6179警,黑,9,train,/home/wzzz/LPRNet/datasets/police_bluebase_cvstrict_20260603/train_黑W6179警.jpg
/home/wzzz/LPRNet/datasets/police_bluebase_cvstrict_20260603/train_黑F6098警.jpg,黑F6098警,黑,9,train,/home/wzzz/LPRNet/datasets/police_bluebase_cvstrict_20260603/train_黑F6098警.jpg
/home/wzzz/LPRNet/datasets/police_bluebase_cvstrict_20260603/train_黑H7120警.jpg,黑H7120警,黑,9,train,/home/wzzz/LPRNet/datasets/police_bluebase_cvstrict_20260603/train_黑H7120警.jpg
/home/wzzz/LPRNet/datasets/police_bluebase_cvstrict_20260603/train_黑H2146警.jpg,黑H2146警,黑,9,train,/home/wzzz/LPRNet/datasets/police_bluebase_cvstrict_20260603/train_黑H2146警.jpg
/home/wzzz/LPRNet/datasets/police_bluebase_cvstrict_20260603/train_黑Q0225警.jpg,黑Q0225警,黑,9,train,/home/wzzz/LPRNet/datasets/police_bluebase_cvstrict_20260603/train_黑Q0225警.jpg
/home/wzzz/LPRNet/datasets/police_bluebase_cvstrict_20260603/train_黑U9243警.jpg,黑U9243警,黑,9,train,/home/wzzz/LPRNet/datasets/police_bluebase_cvstrict_20260603/train_黑U9243警.jpg
/home/wzzz/LPRNet/datasets/police_bluebase_cvstrict_20260603/train_黑J5570警.jpg,黑J5570警,黑,9,train,/home/wzzz/LPRNet/datasets/police_bluebase_cvstrict_20260603/train_黑J5570警.jpg
/home/wzzz/LPRNet/datasets/police_bluebase_cvstrict_20260603/train_黑M5363警.jpg,黑M5363警,黑,9,train,/home/wzzz/LPRNet/datasets/police_bluebase_cvstrict_20260603/train_黑M5363警.jpg
/home/wzzz/LPRNet/datasets/police_bluebase_cvstrict_20260603/train_黑L1264警.jpg,黑L1264警,黑,9,train,/home/wzzz/LPRNet/datasets/police_bluebase_cvstrict_20260603/train_黑L1264警.jpg
/home/wzzz/LPRNet/datasets/police_bluebase_cvstrict_20260603/train_黑S5612警.jpg,黑S5612警,黑,9,train,/home/wzzz/LPRNet/datasets/police_bluebase_cvstrict_20260603/train_黑S5612警.jpg
/home/wzzz/LPRNet/datasets/police_bluebase_cvstrict_20260603/train_黑W0122警.jpg,黑W0122警,黑,9,train,/home/wzzz/LPRNet/datasets/police_bluebase_cvstrict_20260603/train_黑W0122警.jpg
/home/wzzz/LPRNet/datasets/police_bluebase_cvstrict_20260603/train_黑U2673警.jpg,黑U2673警,黑,9,train,/home/wzzz/LPRNet/datasets/police_bluebase_cvstrict_20260603/train_黑U2673警.jpg
/home/wzzz/LPRNet/datasets/police_bluebase_cvstrict_20260603/train_黑T7052警.jpg,黑T7052警,黑,9,train,/home/wzzz/LPRNet/datasets/police_bluebase_cvstrict_20260603/train_黑T7052警.jpg
/home/wzzz/LPRNet/datasets/police_bluebase_cvstrict_20260603/train_黑X0874警.jpg,黑X0874警,黑,9,train,/home/wzzz/LPRNet/datasets/police_bluebase_cvstrict_20260603/train_黑X0874警.jpg
/home/wzzz/LPRNet/datasets/police_bluebase_cvstrict_20260603/train_黑Z5726警.jpg,黑Z5726警,黑,9,train,/home/wzzz/LPRNet/datasets/police_bluebase_cvstrict_20260603/train_黑Z5726警.jpg
/home/wzzz/LPRNet/datasets/police_bluebase_cvstrict_20260603/train_黑H6504警.jpg,黑H6504警,黑,9,train,/home/wzzz/LPRNet/datasets/police_bluebase_cvstrict_20260603/train_黑H6504警.jpg
/home/wzzz/LPRNet/datasets/police_bluebase_cvstrict_20260603/train_黑Z8942警.jpg,黑Z8942警,黑,9,train,/home/wzzz/LPRNet/datasets/police_bluebase_cvstrict_20260603/train_黑Z8942警.jpg
/home/wzzz/LPRNet/datasets/police_bluebase_cvstrict_20260603/train_黑R6147警.jpg,黑R6147警,黑,9,train,/home/wzzz/LPRNet/datasets/police_bluebase_cvstrict_20260603/train_黑R6147警.jpg
/home/wzzz/LPRNet/datasets/police_bluebase_cvstrict_20260603/train_黑N6925警.jpg,黑N6925警,黑,9,train,/home/wzzz/LPRNet/datasets/police_bluebase_cvstrict_20260603/train_黑N6925警.jpg
/home/wzzz/LPRNet/datasets/police_bluebase_cvstrict_20260603/train_黑F6276警.jpg,黑F6276警,黑,9,train,/home/wzzz/LPRNet/datasets/police_bluebase_cvstrict_20260603/train_黑F6276警.jpg
/home/wzzz/LPRNet/datasets/police_bluebase_cvstrict_20260603/train_黑V0004警.jpg,黑V0004警,黑,9,train,/home/wzzz/LPRNet/datasets/police_bluebase_cvstrict_20260603/train_黑V0004警.jpg
/home/wzzz/LPRNet/datasets/police_bluebase_cvstrict_20260603/train_黑E6515警.jpg,黑E6515警,黑,9,train,/home/wzzz/LPRNet/datasets/police_bluebase_cvstrict_20260603/train_黑E6515警.jpg
/home/wzzz/LPRNet/datasets/police_bluebase_cvstrict_20260603/train_黑H1755警.jpg,黑H1755警,黑,9,train,/home/wzzz/LPRNet/datasets/police_bluebase_cvstrict_20260603/train_黑H1755警.jpg
/home/wzzz/LPRNet/datasets/police_bluebase_cvstrict_20260603/train_苏Z7317警.jpg,苏Z7317警,苏,10,train,/home/wzzz/LPRNet/datasets/police_bluebase_cvstrict_20260603/train_苏Z7317警.jpg
/home/wzzz/LPRNet/datasets/police_bluebase_cvstrict_20260603/train_苏W3922警.jpg,苏W3922警,苏,10,train,/home/wzzz/LPRNet/datasets/police_bluebase_cvstrict_20260603/train_苏W3922警.jpg
/home/wzzz/LPRNet/datasets/police_bluebase_cvstrict_20260603/train_苏W1942警.jpg,苏W1942警,苏,10,train,/home/wzzz/LPRNet/datasets/police_bluebase_cvstrict_20260603/train_苏W1942警.jpg
/home/wzzz/LPRNet/datasets/police_bluebase_cvstrict_20260603/train_苏K2387警.jpg,苏K2387警,苏,10,train,/home/wzzz/LPRNet/datasets/police_bluebase_cvstrict_20260603/train_苏K2387警.jpg
/home/wzzz/LPRNet/datasets/police_bluebase_cvstrict_20260603/train_苏B0185警.jpg,苏B0185警,苏,10,train,/home/wzzz/LPRNet/datasets/police_bluebase_cvstrict_20260603/train_苏B0185警.jpg
/home/wzzz/LPRNet/datasets/police_bluebase_cvstrict_20260603/train_苏M4151警.jpg,苏M4151警,苏,10,train,/home/wzzz/LPRNet/datasets/police_bluebase_cvstrict_20260603/train_苏M4151警.jpg
/home/wzzz/LPRNet/datasets/police_bluebase_cvstrict_20260603/train_苏W5337警.jpg,苏W5337警,苏,10,train,/home/wzzz/LPRNet/datasets/police_bluebase_cvstrict_20260603/train_苏W5337警.jpg
/home/wzzz/LPRNet/datasets/police_bluebase_cvstrict_20260603/train_苏L0784警.jpg,苏L0784警,苏,10,train,/home/wzzz/LPRNet/datasets/police_bluebase_cvstrict_20260603/train_苏L0784警.jpg
/home/wzzz/LPRNet/datasets/police_bluebase_cvstrict_20260603/train_苏Z4435警.jpg,苏Z4435警,苏,10,train,/home/wzzz/LPRNet/datasets/police_bluebase_cvstrict_20260603/train_苏Z4435警.jpg
/home/wzzz/LPRNet/datasets/police_bluebase_cvstrict_20260603/train_苏Y7392警.jpg,苏Y7392警,苏,10,train,/home/wzzz/LPRNet/datasets/police_bluebase_cvstrict_20260603/train_苏Y7392警.jpg
/home/wzzz/LPRNet/datasets/police_bluebase_cvstrict_20260603/train_苏N6312警.jpg,苏N6312警,苏,10,train,/home/wzzz/LPRNet/datasets/police_bluebase_cvstrict_20260603/train_苏N6312警.jpg
/home/wzzz/LPRNet/datasets/police_bluebase_cvstrict_20260603/train_苏T3260警.jpg,苏T3260警,苏,10,train,/home/wzzz/LPRNet/datasets/police_bluebase_cvstrict_20260603/train_苏T3260警.jpg
/home/wzzz/LPRNet/datasets/police_bluebase_cvstrict_20260603/train_苏A6593警.jpg,苏A6593警,苏,10,train,/home/wzzz/LPRNet/datasets/police_bluebase_cvstrict_20260603/train_苏A6593警.jpg
/home/wzzz/LPRNet/datasets/police_bluebase_cvstrict_20260603/train_苏B8230警.jpg,苏B8230警,苏,10,train,/home/wzzz/LPRNet/datasets/police_bluebase_cvstrict_20260603/train_苏B8230警.jpg
/home/wzzz/LPRNet/datasets/police_bluebase_cvstrict_20260603/train_苏Q4582警.jpg,苏Q4582警,苏,10,train,/home/wzzz/LPRNet/datasets/police_bluebase_cvstrict_20260603/train_苏Q4582警.jpg
/home/wzzz/LPRNet/datasets/police_bluebase_cvstrict_20260603/train_苏S6304警.jpg,苏S6304警,苏,10,train,/home/wzzz/LPRNet/datasets/police_bluebase_cvstrict_20260603/train_苏S6304警.jpg
/home/wzzz/LPRNet/datasets/police_bluebase_cvstrict_20260603/train_苏Z2831警.jpg,苏Z2831警,苏,10,train,/home/wzzz/LPRNet/datasets/police_bluebase_cvstrict_20260603/train_苏Z2831警.jpg
/home/wzzz/LPRNet/datasets/police_bluebase_cvstrict_20260603/train_苏A9868警.jpg,苏A9868警,苏,10,train,/home/wzzz/LPRNet/datasets/police_bluebase_cvstrict_20260603/train_苏A9868警.jpg
/home/wzzz/LPRNet/datasets/police_bluebase_cvstrict_20260603/train_苏U7149警.jpg,苏U7149警,苏,10,train,/home/wzzz/LPRNet/datasets/police_bluebase_cvstrict_20260603/train_苏U7149警.jpg
/home/wzzz/LPRNet/datasets/police_bluebase_cvstrict_20260603/train_苏X1912警.jpg,苏X1912警,苏,10,train,/home/wzzz/LPRNet/datasets/police_bluebase_cvstrict_20260603/train_苏X1912警.jpg
/home/wzzz/LPRNet/datasets/police_bluebase_cvstrict_20260603/train_苏W3048警.jpg,苏W3048警,苏,10,train,/home/wzzz/LPRNet/datasets/police_bluebase_cvstrict_20260603/train_苏W3048警.jpg
/home/wzzz/LPRNet/datasets/police_bluebase_cvstrict_20260603/train_苏D0125警.jpg,苏D0125警,苏,10,train,/home/wzzz/LPRNet/datasets/police_bluebase_cvstrict_20260603/train_苏D0125警.jpg
/home/wzzz/LPRNet/datasets/police_bluebase_cvstrict_20260603/train_苏C6361警.jpg,苏C6361警,苏,10,train,/home/wzzz/LPRNet/datasets/police_bluebase_cvstrict_20260603/train_苏C6361警.jpg
/home/wzzz/LPRNet/datasets/police_bluebase_cvstrict_20260603/train_苏L4119警.jpg,苏L4119警,苏,10,train,/home/wzzz/LPRNet/datasets/police_bluebase_cvstrict_20260603/train_苏L4119警.jpg
/home/wzzz/LPRNet/datasets/police_bluebase_cvstrict_20260603/train_苏X5241警.jpg,苏X5241警,苏,10,train,/home/wzzz/LPRNet/datasets/police_bluebase_cvstrict_20260603/train_苏X5241警.jpg
/home/wzzz/LPRNet/datasets/police_bluebase_cvstrict_20260603/train_苏Z2162警.jpg,苏Z2162警,苏,10,train,/home/wzzz/LPRNet/datasets/police_bluebase_cvstrict_20260603/train_苏Z2162警.jpg
/home/wzzz/LPRNet/datasets/police_bluebase_cvstrict_20260603/train_苏H0600警.jpg,苏H0600警,苏,10,train,/home/wzzz/LPRNet/datasets/police_bluebase_cvstrict_20260603/train_苏H0600警.jpg
/home/wzzz/LPRNet/datasets/police_bluebase_cvstrict_20260603/train_苏K3412警.jpg,苏K3412警,苏,10,train,/home/wzzz/LPRNet/datasets/police_bluebase_cvstrict_20260603/train_苏K3412警.jpg
/home/wzzz/LPRNet/datasets/police_bluebase_cvstrict_20260603/train_苏S0576警.jpg,苏S0576警,苏,10,train,/home/wzzz/LPRNet/datasets/police_bluebase_cvstrict_20260603/train_苏S0576警.jpg
/home/wzzz/LPRNet/datasets/police_bluebase_cvstrict_20260603/train_苏C4661警.jpg,苏C4661警,苏,10,train,/home/wzzz/LPRNet/datasets/police_bluebase_cvstrict_20260603/train_苏C4661警.jpg
/home/wzzz/LPRNet/datasets/police_bluebase_cvstrict_20260603/train_苏A5367警.jpg,苏A5367警,苏,10,train,/home/wzzz/LPRNet/datasets/police_bluebase_cvstrict_20260603/train_苏A5367警.jpg
/home/wzzz/LPRNet/datasets/police_bluebase_cvstrict_20260603/train_苏F7320警.jpg,苏F7320警,苏,10,train,/home/wzzz/LPRNet/datasets/police_bluebase_cvstrict_20260603/train_苏F7320警.jpg
/home/wzzz/LPRNet/datasets/police_bluebase_cvstrict_20260603/train_苏N5313警.jpg,苏N5313警,苏,10,train,/home/wzzz/LPRNet/datasets/police_bluebase_cvstrict_20260603/train_苏N5313警.jpg
/home/wzzz/LPRNet/datasets/police_bluebase_cvstrict_20260603/train_苏V3821警.jpg,苏V3821警,苏,10,train,/home/wzzz/LPRNet/datasets/police_bluebase_cvstrict_20260603/train_苏V3821警.jpg
/home/wzzz/LPRNet/datasets/police_bluebase_cvstrict_20260603/train_苏R7325警.jpg,苏R7325警,苏,10,train,/home/wzzz/LPRNet/datasets/police_bluebase_cvstrict_20260603/train_苏R7325警.jpg
/home/wzzz/LPRNet/datasets/police_bluebase_cvstrict_20260603/train_苏L5644警.jpg,苏L5644警,苏,10,train,/home/wzzz/LPRNet/datasets/police_bluebase_cvstrict_20260603/train_苏L5644警.jpg
/home/wzzz/LPRNet/datasets/police_bluebase_cvstrict_20260603/train_苏N6137警.jpg,苏N6137警,苏,10,train,/home/wzzz/LPRNet/datasets/police_bluebase_cvstrict_20260603/train_苏N6137警.jpg
/home/wzzz/LPRNet/datasets/police_bluebase_cvstrict_20260603/train_苏X9356警.jpg,苏X9356警,苏,10,train,/home/wzzz/LPRNet/datasets/police_bluebase_cvstrict_20260603/train_苏X9356警.jpg
/home/wzzz/LPRNet/datasets/police_bluebase_cvstrict_20260603/train_苏X4334警.jpg,苏X4334警,苏,10,train,/home/wzzz/LPRNet/datasets/police_bluebase_cvstrict_20260603/train_苏X4334警.jpg
/home/wzzz/LPRNet/datasets/police_bluebase_cvstrict_20260603/train_苏M5534警.jpg,苏M5534警,苏,10,train,/home/wzzz/LPRNet/datasets/police_bluebase_cvstrict_20260603/train_苏M5534警.jpg
/home/wzzz/LPRNet/datasets/police_bluebase_cvstrict_20260603/train_苏B4868警.jpg,苏B4868警,苏,10,train,/home/wzzz/LPRNet/datasets/police_bluebase_cvstrict_20260603/train_苏B4868警.jpg
/home/wzzz/LPRNet/datasets/police_bluebase_cvstrict_20260603/train_苏M2812警.jpg,苏M2812警,苏,10,train,/home/wzzz/LPRNet/datasets/police_bluebase_cvstrict_20260603/train_苏M2812警.jpg
/home/wzzz/LPRNet/datasets/police_bluebase_cvstrict_20260603/train_苏D8814警.jpg,苏D8814警,苏,10,train,/home/wzzz/LPRNet/datasets/police_bluebase_cvstrict_20260603/train_苏D8814警.jpg
/home/wzzz/LPRNet/datasets/police_bluebase_cvstrict_20260603/train_苏Y2317警.jpg,苏Y2317警,苏,10,train,/home/wzzz/LPRNet/datasets/police_bluebase_cvstrict_20260603/train_苏Y2317警.jpg
/home/wzzz/LPRNet/datasets/police_bluebase_cvstrict_20260603/train_苏L7538警.jpg,苏L7538警,苏,10,train,/home/wzzz/LPRNet/datasets/police_bluebase_cvstrict_20260603/train_苏L7538警.jpg
/home/wzzz/LPRNet/datasets/police_bluebase_cvstrict_20260603/train_苏N6180警.jpg,苏N6180警,苏,10,train,/home/wzzz/LPRNet/datasets/police_bluebase_cvstrict_20260603/train_苏N6180警.jpg
/home/wzzz/LPRNet/datasets/police_bluebase_cvstrict_20260603/train_苏U4923警.jpg,苏U4923警,苏,10,train,/home/wzzz/LPRNet/datasets/police_bluebase_cvstrict_20260603/train_苏U4923警.jpg
/home/wzzz/LPRNet/datasets/police_bluebase_cvstrict_20260603/train_苏B8444警.jpg,苏B8444警,苏,10,train,/home/wzzz/LPRNet/datasets/police_bluebase_cvstrict_20260603/train_苏B8444警.jpg
/home/wzzz/LPRNet/datasets/police_bluebase_cvstrict_20260603/train_苏U8236警.jpg,苏U8236警,苏,10,train,/home/wzzz/LPRNet/datasets/police_bluebase_cvstrict_20260603/train_苏U8236警.jpg
/home/wzzz/LPRNet/datasets/police_bluebase_cvstrict_20260603/train_苏F7792警.jpg,苏F7792警,苏,10,train,/home/wzzz/LPRNet/datasets/police_bluebase_cvstrict_20260603/train_苏F7792警.jpg
/home/wzzz/LPRNet/datasets/police_bluebase_cvstrict_20260603/train_浙H7322警.jpg,浙H7322警,浙,11,train,/home/wzzz/LPRNet/datasets/police_bluebase_cvstrict_20260603/train_浙H7322警.jpg
/home/wzzz/LPRNet/datasets/police_bluebase_cvstrict_20260603/train_浙Y5627警.jpg,浙Y5627警,浙,11,train,/home/wzzz/LPRNet/datasets/police_bluebase_cvstrict_20260603/train_浙Y5627警.jpg
/home/wzzz/LPRNet/datasets/police_bluebase_cvstrict_20260603/train_浙F4277警.jpg,浙F4277警,浙,11,train,/home/wzzz/LPRNet/datasets/police_bluebase_cvstrict_20260603/train_浙F4277警.jpg
/home/wzzz/LPRNet/datasets/police_bluebase_cvstrict_20260603/train_浙H1203警.jpg,浙H1203警,浙,11,train,/home/wzzz/LPRNet/datasets/police_bluebase_cvstrict_20260603/train_浙H1203警.jpg
/home/wzzz/LPRNet/datasets/police_bluebase_cvstrict_20260603/train_浙U7287警.jpg,浙U7287警,浙,11,train,/home/wzzz/LPRNet/datasets/police_bluebase_cvstrict_20260603/train_浙U7287警.jpg
/home/wzzz/LPRNet/datasets/police_bluebase_cvstrict_20260603/train_浙M8968警.jpg,浙M8968警,浙,11,train,/home/wzzz/LPRNet/datasets/police_bluebase_cvstrict_20260603/train_浙M8968警.jpg
/home/wzzz/LPRNet/datasets/police_bluebase_cvstrict_20260603/train_浙A2215警.jpg,浙A2215警,浙,11,train,/home/wzzz/LPRNet/datasets/police_bluebase_cvstrict_20260603/train_浙A2215警.jpg
/home/wzzz/LPRNet/datasets/police_bluebase_cvstrict_20260603/train_浙V3960警.jpg,浙V3960警,浙,11,train,/home/wzzz/LPRNet/datasets/police_bluebase_cvstrict_20260603/train_浙V3960警.jpg
/home/wzzz/LPRNet/datasets/police_bluebase_cvstrict_20260603/train_浙R0254警.jpg,浙R0254警,浙,11,train,/home/wzzz/LPRNet/datasets/police_bluebase_cvstrict_20260603/train_浙R0254警.jpg
/home/wzzz/LPRNet/datasets/police_bluebase_cvstrict_20260603/train_浙N2387警.jpg,浙N2387警,浙,11,train,/home/wzzz/LPRNet/datasets/police_bluebase_cvstrict_20260603/train_浙N2387警.jpg
/home/wzzz/LPRNet/datasets/police_bluebase_cvstrict_20260603/train_浙A4350警.jpg,浙A4350警,浙,11,train,/home/wzzz/LPRNet/datasets/police_bluebase_cvstrict_20260603/train_浙A4350警.jpg
/home/wzzz/LPRNet/datasets/police_bluebase_cvstrict_20260603/train_浙M8707警.jpg,浙M8707警,浙,11,train,/home/wzzz/LPRNet/datasets/police_bluebase_cvstrict_20260603/train_浙M8707警.jpg
/home/wzzz/LPRNet/datasets/police_bluebase_cvstrict_20260603/train_浙Q5622警.jpg,浙Q5622警,浙,11,train,/home/wzzz/LPRNet/datasets/police_bluebase_cvstrict_20260603/train_浙Q5622警.jpg
/home/wzzz/LPRNet/datasets/police_bluebase_cvstrict_20260603/train_浙Y3074警.jpg,浙Y3074警,浙,11,train,/home/wzzz/LPRNet/datasets/police_bluebase_cvstrict_20260603/train_浙Y3074警.jpg
/home/wzzz/LPRNet/datasets/police_bluebase_cvstrict_20260603/train_浙T8039警.jpg,浙T8039警,浙,11,train,/home/wzzz/LPRNet/datasets/police_bluebase_cvstrict_20260603/train_浙T8039警.jpg
/home/wzzz/LPRNet/datasets/police_bluebase_cvstrict_20260603/train_浙X6574警.jpg,浙X6574警,浙,11,train,/home/wzzz/LPRNet/datasets/police_bluebase_cvstrict_20260603/train_浙X6574警.jpg
/home/wzzz/LPRNet/datasets/police_bluebase_cvstrict_20260603/train_浙K0232警.jpg,浙K0232警,浙,11,train,/home/wzzz/LPRNet/datasets/police_bluebase_cvstrict_20260603/train_浙K0232警.jpg
/home/wzzz/LPRNet/datasets/police_bluebase_cvstrict_20260603/train_浙C9561警.jpg,浙C9561警,浙,11,train,/home/wzzz/LPRNet/datasets/police_bluebase_cvstrict_20260603/train_浙C9561警.jpg
/home/wzzz/LPRNet/datasets/police_bluebase_cvstrict_20260603/train_浙L4064警.jpg,浙L4064警,浙,11,train,/home/wzzz/LPRNet/datasets/police_bluebase_cvstrict_20260603/train_浙L4064警.jpg
/home/wzzz/LPRNet/datasets/police_bluebase_cvstrict_20260603/train_浙H5590警.jpg,浙H5590警,浙,11,train,/home/wzzz/LPRNet/datasets/police_bluebase_cvstrict_20260603/train_浙H5590警.jpg
/home/wzzz/LPRNet/datasets/police_bluebase_cvstrict_20260603/train_浙D1906警.jpg,浙D1906警,浙,11,train,/home/wzzz/LPRNet/datasets/police_bluebase_cvstrict_20260603/train_浙D1906警.jpg
/home/wzzz/LPRNet/datasets/police_bluebase_cvstrict_20260603/train_浙R1253警.jpg,浙R1253警,浙,11,train,/home/wzzz/LPRNet/datasets/police_bluebase_cvstrict_20260603/train_浙R1253警.jpg
/home/wzzz/LPRNet/datasets/police_bluebase_cvstrict_20260603/train_浙W0387警.jpg,浙W0387警,浙,11,train,/home/wzzz/LPRNet/datasets/police_bluebase_cvstrict_20260603/train_浙W0387警.jpg
/home/wzzz/LPRNet/datasets/police_bluebase_cvstrict_20260603/train_浙S1320警.jpg,浙S1320警,浙,11,train,/home/wzzz/LPRNet/datasets/police_bluebase_cvstrict_20260603/train_浙S1320警.jpg
/home/wzzz/LPRNet/datasets/police_bluebase_cvstrict_20260603/train_浙A1004警.jpg,浙A1004警,浙,11,train,/home/wzzz/LPRNet/datasets/police_bluebase_cvstrict_20260603/train_浙A1004警.jpg
/home/wzzz/LPRNet/datasets/police_bluebase_cvstrict_20260603/train_浙R4839警.jpg,浙R4839警,浙,11,train,/home/wzzz/LPRNet/datasets/police_bluebase_cvstrict_20260603/train_浙R4839警.jpg
/home/wzzz/LPRNet/datasets/police_bluebase_cvstrict_20260603/train_浙X7708警.jpg,浙X7708警,浙,11,train,/home/wzzz/LPRNet/datasets/police_bluebase_cvstrict_20260603/train_浙X7708警.jpg
/home/wzzz/LPRNet/datasets/police_bluebase_cvstrict_20260603/train_浙U4705警.jpg,浙U4705警,浙,11,train,/home/wzzz/LPRNet/datasets/police_bluebase_cvstrict_20260603/train_浙U4705警.jpg
/home/wzzz/LPRNet/datasets/police_bluebase_cvstrict_20260603/train_浙Y3457警.jpg,浙Y3457警,浙,11,train,/home/wzzz/LPRNet/datasets/police_bluebase_cvstrict_20260603/train_浙Y3457警.jpg
/home/wzzz/LPRNet/datasets/police_bluebase_cvstrict_20260603/train_浙N4122警.jpg,浙N4122警,浙,11,train,/home/wzzz/LPRNet/datasets/police_bluebase_cvstrict_20260603/train_浙N4122警.jpg
/home/wzzz/LPRNet/datasets/police_bluebase_cvstrict_20260603/train_浙C2846警.jpg,浙C2846警,浙,11,train,/home/wzzz/LPRNet/datasets/police_bluebase_cvstrict_20260603/train_浙C2846警.jpg
/home/wzzz/LPRNet/datasets/police_bluebase_cvstrict_20260603/train_浙D5161警.jpg,浙D5161警,浙,11,train,/home/wzzz/LPRNet/datasets/police_bluebase_cvstrict_20260603/train_浙D5161警.jpg
/home/wzzz/LPRNet/datasets/police_bluebase_cvstrict_20260603/train_浙F2978警.jpg,浙F2978警,浙,11,train,/home/wzzz/LPRNet/datasets/police_bluebase_cvstrict_20260603/train_浙F2978警.jpg
/home/wzzz/LPRNet/datasets/police_bluebase_cvstrict_20260603/train_浙L5025警.jpg,浙L5025警,浙,11,train,/home/wzzz/LPRNet/datasets/police_bluebase_cvstrict_20260603/train_浙L5025警.jpg
/home/wzzz/LPRNet/datasets/police_bluebase_cvstrict_20260603/train_浙A4941警.jpg,浙A4941警,浙,11,train,/home/wzzz/LPRNet/datasets/police_bluebase_cvstrict_20260603/train_浙A4941警.jpg
/home/wzzz/LPRNet/datasets/police_bluebase_cvstrict_20260603/train_浙X6542警.jpg,浙X6542警,浙,11,train,/home/wzzz/LPRNet/datasets/police_bluebase_cvstrict_20260603/train_浙X6542警.jpg
/home/wzzz/LPRNet/datasets/police_bluebase_cvstrict_20260603/train_浙N7351警.jpg,浙N7351警,浙,11,train,/home/wzzz/LPRNet/datasets/police_bluebase_cvstrict_20260603/train_浙N7351警.jpg
/home/wzzz/LPRNet/datasets/police_bluebase_cvstrict_20260603/train_浙P3067警.jpg,浙P3067警,浙,11,train,/home/wzzz/LPRNet/datasets/police_bluebase_cvstrict_20260603/train_浙P3067警.jpg
/home/wzzz/LPRNet/datasets/police_bluebase_cvstrict_20260603/train_浙V3285警.jpg,浙V3285警,浙,11,train,/home/wzzz/LPRNet/datasets/police_bluebase_cvstrict_20260603/train_浙V3285警.jpg
/home/wzzz/LPRNet/datasets/police_bluebase_cvstrict_20260603/train_浙Z4849警.jpg,浙Z4849警,浙,11,train,/home/wzzz/LPRNet/datasets/police_bluebase_cvstrict_20260603/train_浙Z4849警.jpg
/home/wzzz/LPRNet/datasets/police_bluebase_cvstrict_20260603/train_浙F5445警.jpg,浙F5445警,浙,11,train,/home/wzzz/LPRNet/datasets/police_bluebase_cvstrict_20260603/train_浙F5445警.jpg
/home/wzzz/LPRNet/datasets/police_bluebase_cvstrict_20260603/train_浙A3400警.jpg,浙A3400警,浙,11,train,/home/wzzz/LPRNet/datasets/police_bluebase_cvstrict_20260603/train_浙A3400警.jpg
/home/wzzz/LPRNet/datasets/police_bluebase_cvstrict_20260603/train_浙U3462警.jpg,浙U3462警,浙,11,train,/home/wzzz/LPRNet/datasets/police_bluebase_cvstrict_20260603/train_浙U3462警.jpg
/home/wzzz/LPRNet/datasets/police_bluebase_cvstrict_20260603/train_浙W8410警.jpg,浙W8410警,浙,11,train,/home/wzzz/LPRNet/datasets/police_bluebase_cvstrict_20260603/train_浙W8410警.jpg
/home/wzzz/LPRNet/datasets/police_bluebase_cvstrict_20260603/train_浙Q3350警.jpg,浙Q3350警,浙,11,train,/home/wzzz/LPRNet/datasets/police_bluebase_cvstrict_20260603/train_浙Q3350警.jpg
/home/wzzz/LPRNet/datasets/police_bluebase_cvstrict_20260603/train_浙U1119警.jpg,浙U1119警,浙,11,train,/home/wzzz/LPRNet/datasets/police_bluebase_cvstrict_20260603/train_浙U1119警.jpg
/home/wzzz/LPRNet/datasets/police_bluebase_cvstrict_20260603/train_浙L2192警.jpg,浙L2192警,浙,11,train,/home/wzzz/LPRNet/datasets/police_bluebase_cvstrict_20260603/train_浙L2192警.jpg
/home/wzzz/LPRNet/datasets/police_bluebase_cvstrict_20260603/train_浙N1942警.jpg,浙N1942警,浙,11,train,/home/wzzz/LPRNet/datasets/police_bluebase_cvstrict_20260603/train_浙N1942警.jpg
/home/wzzz/LPRNet/datasets/police_bluebase_cvstrict_20260603/train_浙X7250警.jpg,浙X7250警,浙,11,train,/home/wzzz/LPRNet/datasets/police_bluebase_cvstrict_20260603/train_浙X7250警.jpg
/home/wzzz/LPRNet/datasets/police_bluebase_cvstrict_20260603/train_浙Y4135警.jpg,浙Y4135警,浙,11,train,/home/wzzz/LPRNet/datasets/police_bluebase_cvstrict_20260603/train_浙Y4135警.jpg
/home/wzzz/LPRNet/datasets/police_bluebase_cvstrict_20260603/train_皖Y5341警.jpg,皖Y5341警,皖,12,train,/home/wzzz/LPRNet/datasets/police_bluebase_cvstrict_20260603/train_皖Y5341警.jpg
/home/wzzz/LPRNet/datasets/police_bluebase_cvstrict_20260603/train_皖B3741警.jpg,皖B3741警,皖,12,train,/home/wzzz/LPRNet/datasets/police_bluebase_cvstrict_20260603/train_皖B3741警.jpg
/home/wzzz/LPRNet/datasets/police_bluebase_cvstrict_20260603/train_皖W4148警.jpg,皖W4148警,皖,12,train,/home/wzzz/LPRNet/datasets/police_bluebase_cvstrict_20260603/train_皖W4148警.jpg
/home/wzzz/LPRNet/datasets/police_bluebase_cvstrict_20260603/train_皖W6310警.jpg,皖W6310警,皖,12,train,/home/wzzz/LPRNet/datasets/police_bluebase_cvstrict_20260603/train_皖W6310警.jpg
/home/wzzz/LPRNet/datasets/police_bluebase_cvstrict_20260603/train_皖E5993警.jpg,皖E5993警,皖,12,train,/home/wzzz/LPRNet/datasets/police_bluebase_cvstrict_20260603/train_皖E5993警.jpg
/home/wzzz/LPRNet/datasets/police_bluebase_cvstrict_20260603/train_皖V1565警.jpg,皖V1565警,皖,12,train,/home/wzzz/LPRNet/datasets/police_bluebase_cvstrict_20260603/train_皖V1565警.jpg
/home/wzzz/LPRNet/datasets/police_bluebase_cvstrict_20260603/train_皖U4314警.jpg,皖U4314警,皖,12,train,/home/wzzz/LPRNet/datasets/police_bluebase_cvstrict_20260603/train_皖U4314警.jpg
/home/wzzz/LPRNet/datasets/police_bluebase_cvstrict_20260603/train_皖G2136警.jpg,皖G2136警,皖,12,train,/home/wzzz/LPRNet/datasets/police_bluebase_cvstrict_20260603/train_皖G2136警.jpg
/home/wzzz/LPRNet/datasets/police_bluebase_cvstrict_20260603/train_皖A2706警.jpg,皖A2706警,皖,12,train,/home/wzzz/LPRNet/datasets/police_bluebase_cvstrict_20260603/train_皖A2706警.jpg
/home/wzzz/LPRNet/datasets/police_bluebase_cvstrict_20260603/train_皖R8964警.jpg,皖R8964警,皖,12,train,/home/wzzz/LPRNet/datasets/police_bluebase_cvstrict_20260603/train_皖R8964警.jpg
/home/wzzz/LPRNet/datasets/police_bluebase_cvstrict_20260603/train_皖E9517警.jpg,皖E9517警,皖,12,train,/home/wzzz/LPRNet/datasets/police_bluebase_cvstrict_20260603/train_皖E9517警.jpg
/home/wzzz/LPRNet/datasets/police_bluebase_cvstrict_20260603/train_皖U7166警.jpg,皖U7166警,皖,12,train,/home/wzzz/LPRNet/datasets/police_bluebase_cvstrict_20260603/train_皖U7166警.jpg
/home/wzzz/LPRNet/datasets/police_bluebase_cvstrict_20260603/train_皖M4671警.jpg,皖M4671警,皖,12,train,/home/wzzz/LPRNet/datasets/police_bluebase_cvstrict_20260603/train_皖M4671警.jpg
/home/wzzz/LPRNet/datasets/police_bluebase_cvstrict_20260603/train_皖H6967警.jpg,皖H6967警,皖,12,train,/home/wzzz/LPRNet/datasets/police_bluebase_cvstrict_20260603/train_皖H6967警.jpg
/home/wzzz/LPRNet/datasets/police_bluebase_cvstrict_20260603/train_皖C6245警.jpg,皖C6245警,皖,12,train,/home/wzzz/LPRNet/datasets/police_bluebase_cvstrict_20260603/train_皖C6245警.jpg
/home/wzzz/LPRNet/datasets/police_bluebase_cvstrict_20260603/train_皖E9383警.jpg,皖E9383警,皖,12,train,/home/wzzz/LPRNet/datasets/police_bluebase_cvstrict_20260603/train_皖E9383警.jpg
/home/wzzz/LPRNet/datasets/police_bluebase_cvstrict_20260603/train_皖H0069警.jpg,皖H0069警,皖,12,train,/home/wzzz/LPRNet/datasets/police_bluebase_cvstrict_20260603/train_皖H0069警.jpg
/home/wzzz/LPRNet/datasets/police_bluebase_cvstrict_20260603/train_皖Q6204警.jpg,皖Q6204警,皖,12,train,/home/wzzz/LPRNet/datasets/police_bluebase_cvstrict_20260603/train_皖Q6204警.jpg
/home/wzzz/LPRNet/datasets/police_bluebase_cvstrict_20260603/train_皖D5833警.jpg,皖D5833警,皖,12,train,/home/wzzz/LPRNet/datasets/police_bluebase_cvstrict_20260603/train_皖D5833警.jpg
/home/wzzz/LPRNet/datasets/police_bluebase_cvstrict_20260603/train_皖Z6194警.jpg,皖Z6194警,皖,12,train,/home/wzzz/LPRNet/datasets/police_bluebase_cvstrict_20260603/train_皖Z6194警.jpg
/home/wzzz/LPRNet/datasets/police_bluebase_cvstrict_20260603/train_皖M2715警.jpg,皖M2715警,皖,12,train,/home/wzzz/LPRNet/datasets/police_bluebase_cvstrict_20260603/train_皖M2715警.jpg
/home/wzzz/LPRNet/datasets/police_bluebase_cvstrict_20260603/train_皖E2125警.jpg,皖E2125警,皖,12,train,/home/wzzz/LPRNet/datasets/police_bluebase_cvstrict_20260603/train_皖E2125警.jpg
/home/wzzz/LPRNet/datasets/police_bluebase_cvstrict_20260603/train_皖S8755警.jpg,皖S8755警,皖,12,train,/home/wzzz/LPRNet/datasets/police_bluebase_cvstrict_20260603/train_皖S8755警.jpg
/home/wzzz/LPRNet/datasets/police_bluebase_cvstrict_20260603/train_皖J6780警.jpg,皖J6780警,皖,12,train,/home/wzzz/LPRNet/datasets/police_bluebase_cvstrict_20260603/train_皖J6780警.jpg
/home/wzzz/LPRNet/datasets/police_bluebase_cvstrict_20260603/train_皖L2943警.jpg,皖L2943警,皖,12,train,/home/wzzz/LPRNet/datasets/police_bluebase_cvstrict_20260603/train_皖L2943警.jpg
/home/wzzz/LPRNet/datasets/police_bluebase_cvstrict_20260603/train_皖S8648警.jpg,皖S8648警,皖,12,train,/home/wzzz/LPRNet/datasets/police_bluebase_cvstrict_20260603/train_皖S8648警.jpg
/home/wzzz/LPRNet/datasets/police_bluebase_cvstrict_20260603/train_皖F2459警.jpg,皖F2459警,皖,12,train,/home/wzzz/LPRNet/datasets/police_bluebase_cvstrict_20260603/train_皖F2459警.jpg
/home/wzzz/LPRNet/datasets/police_bluebase_cvstrict_20260603/train_皖X6523警.jpg,皖X6523警,皖,12,train,/home/wzzz/LPRNet/datasets/police_bluebase_cvstrict_20260603/train_皖X6523警.jpg
/home/wzzz/LPRNet/datasets/police_bluebase_cvstrict_20260603/train_皖T5953警.jpg,皖T5953警,皖,12,train,/home/wzzz/LPRNet/datasets/police_bluebase_cvstrict_20260603/train_皖T5953警.jpg
/home/wzzz/LPRNet/datasets/police_bluebase_cvstrict_20260603/train_皖C1585警.jpg,皖C1585警,皖,12,train,/home/wzzz/LPRNet/datasets/police_bluebase_cvstrict_20260603/train_皖C1585警.jpg
/home/wzzz/LPRNet/datasets/police_bluebase_cvstrict_20260603/train_皖F5837警.jpg,皖F5837警,皖,12,train,/home/wzzz/LPRNet/datasets/police_bluebase_cvstrict_20260603/train_皖F5837警.jpg
/home/wzzz/LPRNet/datasets/police_bluebase_cvstrict_20260603/train_皖L7977警.jpg,皖L7977警,皖,12,train,/home/wzzz/LPRNet/datasets/police_bluebase_cvstrict_20260603/train_皖L7977警.jpg
/home/wzzz/LPRNet/datasets/police_bluebase_cvstrict_20260603/train_皖D4686警.jpg,皖D4686警,皖,12,train,/home/wzzz/LPRNet/datasets/police_bluebase_cvstrict_20260603/train_皖D4686警.jpg
/home/wzzz/LPRNet/datasets/police_bluebase_cvstrict_20260603/train_皖Y5406警.jpg,皖Y5406警,皖,12,train,/home/wzzz/LPRNet/datasets/police_bluebase_cvstrict_20260603/train_皖Y5406警.jpg
/home/wzzz/LPRNet/datasets/police_bluebase_cvstrict_20260603/train_皖Q0678警.jpg,皖Q0678警,皖,12,train,/home/wzzz/LPRNet/datasets/police_bluebase_cvstrict_20260603/train_皖Q0678警.jpg
/home/wzzz/LPRNet/datasets/police_bluebase_cvstrict_20260603/train_皖K5591警.jpg,皖K5591警,皖,12,train,/home/wzzz/LPRNet/datasets/police_bluebase_cvstrict_20260603/train_皖K5591警.jpg
/home/wzzz/LPRNet/datasets/police_bluebase_cvstrict_20260603/train_皖R7676警.jpg,皖R7676警,皖,12,train,/home/wzzz/LPRNet/datasets/police_bluebase_cvstrict_20260603/train_皖R7676警.jpg
/home/wzzz/LPRNet/datasets/police_bluebase_cvstrict_20260603/train_皖H8977警.jpg,皖H8977警,皖,12,train,/home/wzzz/LPRNet/datasets/police_bluebase_cvstrict_20260603/train_皖H8977警.jpg
/home/wzzz/LPRNet/datasets/police_bluebase_cvstrict_20260603/train_皖B8661警.jpg,皖B8661警,皖,12,train,/home/wzzz/LPRNet/datasets/police_bluebase_cvstrict_20260603/train_皖B8661警.jpg
/home/wzzz/LPRNet/datasets/police_bluebase_cvstrict_20260603/train_皖X5819警.jpg,皖X5819警,皖,12,train,/home/wzzz/LPRNet/datasets/police_bluebase_cvstrict_20260603/train_皖X5819警.jpg
/home/wzzz/LPRNet/datasets/police_bluebase_cvstrict_20260603/train_皖Q1542警.jpg,皖Q1542警,皖,12,train,/home/wzzz/LPRNet/datasets/police_bluebase_cvstrict_20260603/train_皖Q1542警.jpg
/home/wzzz/LPRNet/datasets/police_bluebase_cvstrict_20260603/train_皖Q8163警.jpg,皖Q8163警,皖,12,train,/home/wzzz/LPRNet/datasets/police_bluebase_cvstrict_20260603/train_皖Q8163警.jpg
/home/wzzz/LPRNet/datasets/police_bluebase_cvstrict_20260603/train_皖X1943警.jpg,皖X1943警,皖,12,train,/home/wzzz/LPRNet/datasets/police_bluebase_cvstrict_20260603/train_皖X1943警.jpg
/home/wzzz/LPRNet/datasets/police_bluebase_cvstrict_20260603/train_皖N2567警.jpg,皖N2567警,皖,12,train,/home/wzzz/LPRNet/datasets/police_bluebase_cvstrict_20260603/train_皖N2567警.jpg
/home/wzzz/LPRNet/datasets/police_bluebase_cvstrict_20260603/train_皖W8719警.jpg,皖W8719警,皖,12,train,/home/wzzz/LPRNet/datasets/police_bluebase_cvstrict_20260603/train_皖W8719警.jpg
/home/wzzz/LPRNet/datasets/police_bluebase_cvstrict_20260603/train_皖A4521警.jpg,皖A4521警,皖,12,train,/home/wzzz/LPRNet/datasets/police_bluebase_cvstrict_20260603/train_皖A4521警.jpg
/home/wzzz/LPRNet/datasets/police_bluebase_cvstrict_20260603/train_皖T2879警.jpg,皖T2879警,皖,12,train,/home/wzzz/LPRNet/datasets/police_bluebase_cvstrict_20260603/train_皖T2879警.jpg
/home/wzzz/LPRNet/datasets/police_bluebase_cvstrict_20260603/train_皖K2157警.jpg,皖K2157警,皖,12,train,/home/wzzz/LPRNet/datasets/police_bluebase_cvstrict_20260603/train_皖K2157警.jpg
/home/wzzz/LPRNet/datasets/police_bluebase_cvstrict_20260603/train_皖Y2619警.jpg,皖Y2619警,皖,12,train,/home/wzzz/LPRNet/datasets/police_bluebase_cvstrict_20260603/train_皖Y2619警.jpg
/home/wzzz/LPRNet/datasets/police_bluebase_cvstrict_20260603/train_皖P7369警.jpg,皖P7369警,皖,12,train,/home/wzzz/LPRNet/datasets/police_bluebase_cvstrict_20260603/train_皖P7369警.jpg
/home/wzzz/LPRNet/datasets/police_bluebase_cvstrict_20260603/train_闽L6014警.jpg,闽L6014警,闽,13,train,/home/wzzz/LPRNet/datasets/police_bluebase_cvstrict_20260603/train_闽L6014警.jpg
/home/wzzz/LPRNet/datasets/police_bluebase_cvstrict_20260603/train_闽M2051警.jpg,闽M2051警,闽,13,train,/home/wzzz/LPRNet/datasets/police_bluebase_cvstrict_20260603/train_闽M2051警.jpg
/home/wzzz/LPRNet/datasets/police_bluebase_cvstrict_20260603/train_闽M0903警.jpg,闽M0903警,闽,13,train,/home/wzzz/LPRNet/datasets/police_bluebase_cvstrict_20260603/train_闽M0903警.jpg
/home/wzzz/LPRNet/datasets/police_bluebase_cvstrict_20260603/train_闽P1795警.jpg,闽P1795警,闽,13,train,/home/wzzz/LPRNet/datasets/police_bluebase_cvstrict_20260603/train_闽P1795警.jpg
/home/wzzz/LPRNet/datasets/police_bluebase_cvstrict_20260603/train_闽E2287警.jpg,闽E2287警,闽,13,train,/home/wzzz/LPRNet/datasets/police_bluebase_cvstrict_20260603/train_闽E2287警.jpg
/home/wzzz/LPRNet/datasets/police_bluebase_cvstrict_20260603/train_闽M5453警.jpg,闽M5453警,闽,13,train,/home/wzzz/LPRNet/datasets/police_bluebase_cvstrict_20260603/train_闽M5453警.jpg
/home/wzzz/LPRNet/datasets/police_bluebase_cvstrict_20260603/train_闽Q6942警.jpg,闽Q6942警,闽,13,train,/home/wzzz/LPRNet/datasets/police_bluebase_cvstrict_20260603/train_闽Q6942警.jpg
/home/wzzz/LPRNet/datasets/police_bluebase_cvstrict_20260603/train_闽F7884警.jpg,闽F7884警,闽,13,train,/home/wzzz/LPRNet/datasets/police_bluebase_cvstrict_20260603/train_闽F7884警.jpg
/home/wzzz/LPRNet/datasets/police_bluebase_cvstrict_20260603/train_闽L4203警.jpg,闽L4203警,闽,13,train,/home/wzzz/LPRNet/datasets/police_bluebase_cvstrict_20260603/train_闽L4203警.jpg
/home/wzzz/LPRNet/datasets/police_bluebase_cvstrict_20260603/train_闽Y7352警.jpg,闽Y7352警,闽,13,train,/home/wzzz/LPRNet/datasets/police_bluebase_cvstrict_20260603/train_闽Y7352警.jpg
/home/wzzz/LPRNet/datasets/police_bluebase_cvstrict_20260603/train_闽B5657警.jpg,闽B5657警,闽,13,train,/home/wzzz/LPRNet/datasets/police_bluebase_cvstrict_20260603/train_闽B5657警.jpg
/home/wzzz/LPRNet/datasets/police_bluebase_cvstrict_20260603/train_闽V0801警.jpg,闽V0801警,闽,13,train,/home/wzzz/LPRNet/datasets/police_bluebase_cvstrict_20260603/train_闽V0801警.jpg
/home/wzzz/LPRNet/datasets/police_bluebase_cvstrict_20260603/train_闽E5506警.jpg,闽E5506警,闽,13,train,/home/wzzz/LPRNet/datasets/police_bluebase_cvstrict_20260603/train_闽E5506警.jpg
/home/wzzz/LPRNet/datasets/police_bluebase_cvstrict_20260603/train_闽U5818警.jpg,闽U5818警,闽,13,train,/home/wzzz/LPRNet/datasets/police_bluebase_cvstrict_20260603/train_闽U5818警.jpg
/home/wzzz/LPRNet/datasets/police_bluebase_cvstrict_20260603/train_闽A2894警.jpg,闽A2894警,闽,13,train,/home/wzzz/LPRNet/datasets/police_bluebase_cvstrict_20260603/train_闽A2894警.jpg
/home/wzzz/LPRNet/datasets/police_bluebase_cvstrict_20260603/train_闽Q1070警.jpg,闽Q1070警,闽,13,train,/home/wzzz/LPRNet/datasets/police_bluebase_cvstrict_20260603/train_闽Q1070警.jpg
/home/wzzz/LPRNet/datasets/police_bluebase_cvstrict_20260603/train_闽C9730警.jpg,闽C9730警,闽,13,train,/home/wzzz/LPRNet/datasets/police_bluebase_cvstrict_20260603/train_闽C9730警.jpg
/home/wzzz/LPRNet/datasets/police_bluebase_cvstrict_20260603/train_闽S2809警.jpg,闽S2809警,闽,13,train,/home/wzzz/LPRNet/datasets/police_bluebase_cvstrict_20260603/train_闽S2809警.jpg
/home/wzzz/LPRNet/datasets/police_bluebase_cvstrict_20260603/train_闽P2260警.jpg,闽P2260警,闽,13,train,/home/wzzz/LPRNet/datasets/police_bluebase_cvstrict_20260603/train_闽P2260警.jpg
/home/wzzz/LPRNet/datasets/police_bluebase_cvstrict_20260603/train_闽V5339警.jpg,闽V5339警,闽,13,train,/home/wzzz/LPRNet/datasets/police_bluebase_cvstrict_20260603/train_闽V5339警.jpg
/home/wzzz/LPRNet/datasets/police_bluebase_cvstrict_20260603/train_闽J9113警.jpg,闽J9113警,闽,13,train,/home/wzzz/LPRNet/datasets/police_bluebase_cvstrict_20260603/train_闽J9113警.jpg
/home/wzzz/LPRNet/datasets/police_bluebase_cvstrict_20260603/train_闽X4425警.jpg,闽X4425警,闽,13,train,/home/wzzz/LPRNet/datasets/police_bluebase_cvstrict_20260603/train_闽X4425警.jpg
/home/wzzz/LPRNet/datasets/police_bluebase_cvstrict_20260603/train_闽T5797警.jpg,闽T5797警,闽,13,train,/home/wzzz/LPRNet/datasets/police_bluebase_cvstrict_20260603/train_闽T5797警.jpg
/home/wzzz/LPRNet/datasets/police_bluebase_cvstrict_20260603/train_闽V2672警.jpg,闽V2672警,闽,13,train,/home/wzzz/LPRNet/datasets/police_bluebase_cvstrict_20260603/train_闽V2672警.jpg
/home/wzzz/LPRNet/datasets/police_bluebase_cvstrict_20260603/train_闽J9996警.jpg,闽J9996警,闽,13,train,/home/wzzz/LPRNet/datasets/police_bluebase_cvstrict_20260603/train_闽J9996警.jpg
/home/wzzz/LPRNet/datasets/police_bluebase_cvstrict_20260603/train_闽G0380警.jpg,闽G0380警,闽,13,train,/home/wzzz/LPRNet/datasets/police_bluebase_cvstrict_20260603/train_闽G0380警.jpg
/home/wzzz/LPRNet/datasets/police_bluebase_cvstrict_20260603/train_闽C3443警.jpg,闽C3443警,闽,13,train,/home/wzzz/LPRNet/datasets/police_bluebase_cvstrict_20260603/train_闽C3443警.jpg
/home/wzzz/LPRNet/datasets/police_bluebase_cvstrict_20260603/train_闽A6764警.jpg,闽A6764警,闽,13,train,/home/wzzz/LPRNet/datasets/police_bluebase_cvstrict_20260603/train_闽A6764警.jpg
/home/wzzz/LPRNet/datasets/police_bluebase_cvstrict_20260603/train_闽U4285警.jpg,闽U4285警,闽,13,train,/home/wzzz/LPRNet/datasets/police_bluebase_cvstrict_20260603/train_闽U4285警.jpg
/home/wzzz/LPRNet/datasets/police_bluebase_cvstrict_20260603/train_闽K0461警.jpg,闽K0461警,闽,13,train,/home/wzzz/LPRNet/datasets/police_bluebase_cvstrict_20260603/train_闽K0461警.jpg
/home/wzzz/LPRNet/datasets/police_bluebase_cvstrict_20260603/train_闽E8501警.jpg,闽E8501警,闽,13,train,/home/wzzz/LPRNet/datasets/police_bluebase_cvstrict_20260603/train_闽E8501警.jpg
/home/wzzz/LPRNet/datasets/police_bluebase_cvstrict_20260603/train_闽L9845警.jpg,闽L9845警,闽,13,train,/home/wzzz/LPRNet/datasets/police_bluebase_cvstrict_20260603/train_闽L9845警.jpg
/home/wzzz/LPRNet/datasets/police_bluebase_cvstrict_20260603/train_闽N6374警.jpg,闽N6374警,闽,13,train,/home/wzzz/LPRNet/datasets/police_bluebase_cvstrict_20260603/train_闽N6374警.jpg
/home/wzzz/LPRNet/datasets/police_bluebase_cvstrict_20260603/train_闽C7710警.jpg,闽C7710警,闽,13,train,/home/wzzz/LPRNet/datasets/police_bluebase_cvstrict_20260603/train_闽C7710警.jpg
/home/wzzz/LPRNet/datasets/police_bluebase_cvstrict_20260603/train_闽S3855警.jpg,闽S3855警,闽,13,train,/home/wzzz/LPRNet/datasets/police_bluebase_cvstrict_20260603/train_闽S3855警.jpg
/home/wzzz/LPRNet/datasets/police_bluebase_cvstrict_20260603/train_闽S0771警.jpg,闽S0771警,闽,13,train,/home/wzzz/LPRNet/datasets/police_bluebase_cvstrict_20260603/train_闽S0771警.jpg
/home/wzzz/LPRNet/datasets/police_bluebase_cvstrict_20260603/train_闽U0214警.jpg,闽U0214警,闽,13,train,/home/wzzz/LPRNet/datasets/police_bluebase_cvstrict_20260603/train_闽U0214警.jpg
/home/wzzz/LPRNet/datasets/police_bluebase_cvstrict_20260603/train_闽S8352警.jpg,闽S8352警,闽,13,train,/home/wzzz/LPRNet/datasets/police_bluebase_cvstrict_20260603/train_闽S8352警.jpg
/home/wzzz/LPRNet/datasets/police_bluebase_cvstrict_20260603/train_闽S7292警.jpg,闽S7292警,闽,13,train,/home/wzzz/LPRNet/datasets/police_bluebase_cvstrict_20260603/train_闽S7292警.jpg
/home/wzzz/LPRNet/datasets/police_bluebase_cvstrict_20260603/train_闽P7238警.jpg,闽P7238警,闽,13,train,/home/wzzz/LPRNet/datasets/police_bluebase_cvstrict_20260603/train_闽P7238警.jpg
/home/wzzz/LPRNet/datasets/police_bluebase_cvstrict_20260603/train_闽M2141警.jpg,闽M2141警,闽,13,train,/home/wzzz/LPRNet/datasets/police_bluebase_cvstrict_20260603/train_闽M2141警.jpg
/home/wzzz/LPRNet/datasets/police_bluebase_cvstrict_20260603/train_闽Z5327警.jpg,闽Z5327警,闽,13,train,/home/wzzz/LPRNet/datasets/police_bluebase_cvstrict_20260603/train_闽Z5327警.jpg
/home/wzzz/LPRNet/datasets/police_bluebase_cvstrict_20260603/train_闽R3334警.jpg,闽R3334警,闽,13,train,/home/wzzz/LPRNet/datasets/police_bluebase_cvstrict_20260603/train_闽R3334警.jpg
/home/wzzz/LPRNet/datasets/police_bluebase_cvstrict_20260603/train_闽P9962警.jpg,闽P9962警,闽,13,train,/home/wzzz/LPRNet/datasets/police_bluebase_cvstrict_20260603/train_闽P9962警.jpg
/home/wzzz/LPRNet/datasets/police_bluebase_cvstrict_20260603/train_闽B7827警.jpg,闽B7827警,闽,13,train,/home/wzzz/LPRNet/datasets/police_bluebase_cvstrict_20260603/train_闽B7827警.jpg
/home/wzzz/LPRNet/datasets/police_bluebase_cvstrict_20260603/train_闽V4915警.jpg,闽V4915警,闽,13,train,/home/wzzz/LPRNet/datasets/police_bluebase_cvstrict_20260603/train_闽V4915警.jpg
/home/wzzz/LPRNet/datasets/police_bluebase_cvstrict_20260603/train_闽P8999警.jpg,闽P8999警,闽,13,train,/home/wzzz/LPRNet/datasets/police_bluebase_cvstrict_20260603/train_闽P8999警.jpg
/home/wzzz/LPRNet/datasets/police_bluebase_cvstrict_20260603/train_闽L3692警.jpg,闽L3692警,闽,13,train,/home/wzzz/LPRNet/datasets/police_bluebase_cvstrict_20260603/train_闽L3692警.jpg
/home/wzzz/LPRNet/datasets/police_bluebase_cvstrict_20260603/train_闽S8013警.jpg,闽S8013警,闽,13,train,/home/wzzz/LPRNet/datasets/police_bluebase_cvstrict_20260603/train_闽S8013警.jpg
/home/wzzz/LPRNet/datasets/police_bluebase_cvstrict_20260603/train_闽W6405警.jpg,闽W6405警,闽,13,train,/home/wzzz/LPRNet/datasets/police_bluebase_cvstrict_20260603/train_闽W6405警.jpg
/home/wzzz/LPRNet/datasets/police_bluebase_cvstrict_20260603/train_赣T1320警.jpg,赣T1320警,赣,14,train,/home/wzzz/LPRNet/datasets/police_bluebase_cvstrict_20260603/train_赣T1320警.jpg
/home/wzzz/LPRNet/datasets/police_bluebase_cvstrict_20260603/train_赣S5883警.jpg,赣S5883警,赣,14,train,/home/wzzz/LPRNet/datasets/police_bluebase_cvstrict_20260603/train_赣S5883警.jpg
/home/wzzz/LPRNet/datasets/police_bluebase_cvstrict_20260603/train_赣X4046警.jpg,赣X4046警,赣,14,train,/home/wzzz/LPRNet/datasets/police_bluebase_cvstrict_20260603/train_赣X4046警.jpg
/home/wzzz/LPRNet/datasets/police_bluebase_cvstrict_20260603/train_赣A2646警.jpg,赣A2646警,赣,14,train,/home/wzzz/LPRNet/datasets/police_bluebase_cvstrict_20260603/train_赣A2646警.jpg
/home/wzzz/LPRNet/datasets/police_bluebase_cvstrict_20260603/train_赣N6110警.jpg,赣N6110警,赣,14,train,/home/wzzz/LPRNet/datasets/police_bluebase_cvstrict_20260603/train_赣N6110警.jpg
/home/wzzz/LPRNet/datasets/police_bluebase_cvstrict_20260603/train_赣V0719警.jpg,赣V0719警,赣,14,train,/home/wzzz/LPRNet/datasets/police_bluebase_cvstrict_20260603/train_赣V0719警.jpg
/home/wzzz/LPRNet/datasets/police_bluebase_cvstrict_20260603/train_赣R6789警.jpg,赣R6789警,赣,14,train,/home/wzzz/LPRNet/datasets/police_bluebase_cvstrict_20260603/train_赣R6789警.jpg
/home/wzzz/LPRNet/datasets/police_bluebase_cvstrict_20260603/train_赣H8413警.jpg,赣H8413警,赣,14,train,/home/wzzz/LPRNet/datasets/police_bluebase_cvstrict_20260603/train_赣H8413警.jpg
/home/wzzz/LPRNet/datasets/police_bluebase_cvstrict_20260603/train_赣M2345警.jpg,赣M2345警,赣,14,train,/home/wzzz/LPRNet/datasets/police_bluebase_cvstrict_20260603/train_赣M2345警.jpg
/home/wzzz/LPRNet/datasets/police_bluebase_cvstrict_20260603/train_赣Y1669警.jpg,赣Y1669警,赣,14,train,/home/wzzz/LPRNet/datasets/police_bluebase_cvstrict_20260603/train_赣Y1669警.jpg
/home/wzzz/LPRNet/datasets/police_bluebase_cvstrict_20260603/train_赣Z0536警.jpg,赣Z0536警,赣,14,train,/home/wzzz/LPRNet/datasets/police_bluebase_cvstrict_20260603/train_赣Z0536警.jpg
/home/wzzz/LPRNet/datasets/police_bluebase_cvstrict_20260603/train_赣N4225警.jpg,赣N4225警,赣,14,train,/home/wzzz/LPRNet/datasets/police_bluebase_cvstrict_20260603/train_赣N4225警.jpg
/home/wzzz/LPRNet/datasets/police_bluebase_cvstrict_20260603/train_赣R0936警.jpg,赣R0936警,赣,14,train,/home/wzzz/LPRNet/datasets/police_bluebase_cvstrict_20260603/train_赣R0936警.jpg
/home/wzzz/LPRNet/datasets/police_bluebase_cvstrict_20260603/train_赣J1539警.jpg,赣J1539警,赣,14,train,/home/wzzz/LPRNet/datasets/police_bluebase_cvstrict_20260603/train_赣J1539警.jpg
/home/wzzz/LPRNet/datasets/police_bluebase_cvstrict_20260603/train_赣P7242警.jpg,赣P7242警,赣,14,train,/home/wzzz/LPRNet/datasets/police_bluebase_cvstrict_20260603/train_赣P7242警.jpg
/home/wzzz/LPRNet/datasets/police_bluebase_cvstrict_20260603/train_赣A9713警.jpg,赣A9713警,赣,14,train,/home/wzzz/LPRNet/datasets/police_bluebase_cvstrict_20260603/train_赣A9713警.jpg
/home/wzzz/LPRNet/datasets/police_bluebase_cvstrict_20260603/train_赣L5624警.jpg,赣L5624警,赣,14,train,/home/wzzz/LPRNet/datasets/police_bluebase_cvstrict_20260603/train_赣L5624警.jpg
/home/wzzz/LPRNet/datasets/police_bluebase_cvstrict_20260603/train_赣A8629警.jpg,赣A8629警,赣,14,train,/home/wzzz/LPRNet/datasets/police_bluebase_cvstrict_20260603/train_赣A8629警.jpg
/home/wzzz/LPRNet/datasets/police_bluebase_cvstrict_20260603/train_赣D4292警.jpg,赣D4292警,赣,14,train,/home/wzzz/LPRNet/datasets/police_bluebase_cvstrict_20260603/train_赣D4292警.jpg
/home/wzzz/LPRNet/datasets/police_bluebase_cvstrict_20260603/train_赣M0513警.jpg,赣M0513警,赣,14,train,/home/wzzz/LPRNet/datasets/police_bluebase_cvstrict_20260603/train_赣M0513警.jpg
/home/wzzz/LPRNet/datasets/police_bluebase_cvstrict_20260603/train_赣D4220警.jpg,赣D4220警,赣,14,train,/home/wzzz/LPRNet/datasets/police_bluebase_cvstrict_20260603/train_赣D4220警.jpg
/home/wzzz/LPRNet/datasets/police_bluebase_cvstrict_20260603/train_赣Q4909警.jpg,赣Q4909警,赣,14,train,/home/wzzz/LPRNet/datasets/police_bluebase_cvstrict_20260603/train_赣Q4909警.jpg
/home/wzzz/LPRNet/datasets/police_bluebase_cvstrict_20260603/train_赣P9628警.jpg,赣P9628警,赣,14,train,/home/wzzz/LPRNet/datasets/police_bluebase_cvstrict_20260603/train_赣P9628警.jpg
/home/wzzz/LPRNet/datasets/police_bluebase_cvstrict_20260603/train_赣Q5017警.jpg,赣Q5017警,赣,14,train,/home/wzzz/LPRNet/datasets/police_bluebase_cvstrict_20260603/train_赣Q5017警.jpg
/home/wzzz/LPRNet/datasets/police_bluebase_cvstrict_20260603/train_赣J4819警.jpg,赣J4819警,赣,14,train,/home/wzzz/LPRNet/datasets/police_bluebase_cvstrict_20260603/train_赣J4819警.jpg
/home/wzzz/LPRNet/datasets/police_bluebase_cvstrict_20260603/train_赣T0175警.jpg,赣T0175警,赣,14,train,/home/wzzz/LPRNet/datasets/police_bluebase_cvstrict_20260603/train_赣T0175警.jpg
/home/wzzz/LPRNet/datasets/police_bluebase_cvstrict_20260603/train_赣B2751警.jpg,赣B2751警,赣,14,train,/home/wzzz/LPRNet/datasets/police_bluebase_cvstrict_20260603/train_赣B2751警.jpg
/home/wzzz/LPRNet/datasets/police_bluebase_cvstrict_20260603/train_赣X6198警.jpg,赣X6198警,赣,14,train,/home/wzzz/LPRNet/datasets/police_bluebase_cvstrict_20260603/train_赣X6198警.jpg
/home/wzzz/LPRNet/datasets/police_bluebase_cvstrict_20260603/train_赣E6604警.jpg,赣E6604警,赣,14,train,/home/wzzz/LPRNet/datasets/police_bluebase_cvstrict_20260603/train_赣E6604警.jpg
/home/wzzz/LPRNet/datasets/police_bluebase_cvstrict_20260603/train_赣S6957警.jpg,赣S6957警,赣,14,train,/home/wzzz/LPRNet/datasets/police_bluebase_cvstrict_20260603/train_赣S6957警.jpg
/home/wzzz/LPRNet/datasets/police_bluebase_cvstrict_20260603/train_赣L0322警.jpg,赣L0322警,赣,14,train,/home/wzzz/LPRNet/datasets/police_bluebase_cvstrict_20260603/train_赣L0322警.jpg
/home/wzzz/LPRNet/datasets/police_bluebase_cvstrict_20260603/train_赣X6158警.jpg,赣X6158警,赣,14,train,/home/wzzz/LPRNet/datasets/police_bluebase_cvstrict_20260603/train_赣X6158警.jpg
/home/wzzz/LPRNet/datasets/police_bluebase_cvstrict_20260603/train_赣Z1252警.jpg,赣Z1252警,赣,14,train,/home/wzzz/LPRNet/datasets/police_bluebase_cvstrict_20260603/train_赣Z1252警.jpg
/home/wzzz/LPRNet/datasets/police_bluebase_cvstrict_20260603/train_赣E8285警.jpg,赣E8285警,赣,14,train,/home/wzzz/LPRNet/datasets/police_bluebase_cvstrict_20260603/train_赣E8285警.jpg
/home/wzzz/LPRNet/datasets/police_bluebase_cvstrict_20260603/train_赣X9871警.jpg,赣X9871警,赣,14,train,/home/wzzz/LPRNet/datasets/police_bluebase_cvstrict_20260603/train_赣X9871警.jpg
/home/wzzz/LPRNet/datasets/police_bluebase_cvstrict_20260603/train_赣E5663警.jpg,赣E5663警,赣,14,train,/home/wzzz/LPRNet/datasets/police_bluebase_cvstrict_20260603/train_赣E5663警.jpg
/home/wzzz/LPRNet/datasets/police_bluebase_cvstrict_20260603/train_赣J8737警.jpg,赣J8737警,赣,14,train,/home/wzzz/LPRNet/datasets/police_bluebase_cvstrict_20260603/train_赣J8737警.jpg
/home/wzzz/LPRNet/datasets/police_bluebase_cvstrict_20260603/train_赣K0999警.jpg,赣K0999警,赣,14,train,/home/wzzz/LPRNet/datasets/police_bluebase_cvstrict_20260603/train_赣K0999警.jpg
/home/wzzz/LPRNet/datasets/police_bluebase_cvstrict_20260603/train_赣G7805警.jpg,赣G7805警,赣,14,train,/home/wzzz/LPRNet/datasets/police_bluebase_cvstrict_20260603/train_赣G7805警.jpg
/home/wzzz/LPRNet/datasets/police_bluebase_cvstrict_20260603/train_赣K1371警.jpg,赣K1371警,赣,14,train,/home/wzzz/LPRNet/datasets/police_bluebase_cvstrict_20260603/train_赣K1371警.jpg
/home/wzzz/LPRNet/datasets/police_bluebase_cvstrict_20260603/train_赣E3790警.jpg,赣E3790警,赣,14,train,/home/wzzz/LPRNet/datasets/police_bluebase_cvstrict_20260603/train_赣E3790警.jpg
/home/wzzz/LPRNet/datasets/police_bluebase_cvstrict_20260603/train_赣U3610警.jpg,赣U3610警,赣,14,train,/home/wzzz/LPRNet/datasets/police_bluebase_cvstrict_20260603/train_赣U3610警.jpg
/home/wzzz/LPRNet/datasets/police_bluebase_cvstrict_20260603/train_赣U1515警.jpg,赣U1515警,赣,14,train,/home/wzzz/LPRNet/datasets/police_bluebase_cvstrict_20260603/train_赣U1515警.jpg
/home/wzzz/LPRNet/datasets/police_bluebase_cvstrict_20260603/train_赣P1321警.jpg,赣P1321警,赣,14,train,/home/wzzz/LPRNet/datasets/police_bluebase_cvstrict_20260603/train_赣P1321警.jpg
/home/wzzz/LPRNet/datasets/police_bluebase_cvstrict_20260603/train_赣N0121警.jpg,赣N0121警,赣,14,train,/home/wzzz/LPRNet/datasets/police_bluebase_cvstrict_20260603/train_赣N0121警.jpg
/home/wzzz/LPRNet/datasets/police_bluebase_cvstrict_20260603/train_赣P9729警.jpg,赣P9729警,赣,14,train,/home/wzzz/LPRNet/datasets/police_bluebase_cvstrict_20260603/train_赣P9729警.jpg
/home/wzzz/LPRNet/datasets/police_bluebase_cvstrict_20260603/train_赣B4232警.jpg,赣B4232警,赣,14,train,/home/wzzz/LPRNet/datasets/police_bluebase_cvstrict_20260603/train_赣B4232警.jpg
/home/wzzz/LPRNet/datasets/police_bluebase_cvstrict_20260603/train_赣B6530警.jpg,赣B6530警,赣,14,train,/home/wzzz/LPRNet/datasets/police_bluebase_cvstrict_20260603/train_赣B6530警.jpg
/home/wzzz/LPRNet/datasets/police_bluebase_cvstrict_20260603/train_赣Z8458警.jpg,赣Z8458警,赣,14,train,/home/wzzz/LPRNet/datasets/police_bluebase_cvstrict_20260603/train_赣Z8458警.jpg
/home/wzzz/LPRNet/datasets/police_bluebase_cvstrict_20260603/train_赣P5007警.jpg,赣P5007警,赣,14,train,/home/wzzz/LPRNet/datasets/police_bluebase_cvstrict_20260603/train_赣P5007警.jpg
/home/wzzz/LPRNet/datasets/police_bluebase_cvstrict_20260603/train_鲁E6355警.jpg,鲁E6355警,鲁,15,train,/home/wzzz/LPRNet/datasets/police_bluebase_cvstrict_20260603/train_鲁E6355警.jpg
/home/wzzz/LPRNet/datasets/police_bluebase_cvstrict_20260603/train_鲁A5638警.jpg,鲁A5638警,鲁,15,train,/home/wzzz/LPRNet/datasets/police_bluebase_cvstrict_20260603/train_鲁A5638警.jpg
/home/wzzz/LPRNet/datasets/police_bluebase_cvstrict_20260603/train_鲁F2638警.jpg,鲁F2638警,鲁,15,train,/home/wzzz/LPRNet/datasets/police_bluebase_cvstrict_20260603/train_鲁F2638警.jpg
/home/wzzz/LPRNet/datasets/police_bluebase_cvstrict_20260603/train_鲁X1275警.jpg,鲁X1275警,鲁,15,train,/home/wzzz/LPRNet/datasets/police_bluebase_cvstrict_20260603/train_鲁X1275警.jpg
/home/wzzz/LPRNet/datasets/police_bluebase_cvstrict_20260603/train_鲁J4822警.jpg,鲁J4822警,鲁,15,train,/home/wzzz/LPRNet/datasets/police_bluebase_cvstrict_20260603/train_鲁J4822警.jpg
/home/wzzz/LPRNet/datasets/police_bluebase_cvstrict_20260603/train_鲁M0805警.jpg,鲁M0805警,鲁,15,train,/home/wzzz/LPRNet/datasets/police_bluebase_cvstrict_20260603/train_鲁M0805警.jpg
/home/wzzz/LPRNet/datasets/police_bluebase_cvstrict_20260603/train_鲁A0486警.jpg,鲁A0486警,鲁,15,train,/home/wzzz/LPRNet/datasets/police_bluebase_cvstrict_20260603/train_鲁A0486警.jpg
/home/wzzz/LPRNet/datasets/police_bluebase_cvstrict_20260603/train_鲁F3598警.jpg,鲁F3598警,鲁,15,train,/home/wzzz/LPRNet/datasets/police_bluebase_cvstrict_20260603/train_鲁F3598警.jpg
/home/wzzz/LPRNet/datasets/police_bluebase_cvstrict_20260603/train_鲁X0427警.jpg,鲁X0427警,鲁,15,train,/home/wzzz/LPRNet/datasets/police_bluebase_cvstrict_20260603/train_鲁X0427警.jpg
/home/wzzz/LPRNet/datasets/police_bluebase_cvstrict_20260603/train_鲁J0358警.jpg,鲁J0358警,鲁,15,train,/home/wzzz/LPRNet/datasets/police_bluebase_cvstrict_20260603/train_鲁J0358警.jpg
/home/wzzz/LPRNet/datasets/police_bluebase_cvstrict_20260603/train_鲁S9730警.jpg,鲁S9730警,鲁,15,train,/home/wzzz/LPRNet/datasets/police_bluebase_cvstrict_20260603/train_鲁S9730警.jpg
/home/wzzz/LPRNet/datasets/police_bluebase_cvstrict_20260603/train_鲁F8818警.jpg,鲁F8818警,鲁,15,train,/home/wzzz/LPRNet/datasets/police_bluebase_cvstrict_20260603/train_鲁F8818警.jpg
/home/wzzz/LPRNet/datasets/police_bluebase_cvstrict_20260603/train_鲁D0567警.jpg,鲁D0567警,鲁,15,train,/home/wzzz/LPRNet/datasets/police_bluebase_cvstrict_20260603/train_鲁D0567警.jpg
/home/wzzz/LPRNet/datasets/police_bluebase_cvstrict_20260603/train_鲁C5385警.jpg,鲁C5385警,鲁,15,train,/home/wzzz/LPRNet/datasets/police_bluebase_cvstrict_20260603/train_鲁C5385警.jpg
/home/wzzz/LPRNet/datasets/police_bluebase_cvstrict_20260603/train_鲁D8515警.jpg,鲁D8515警,鲁,15,train,/home/wzzz/LPRNet/datasets/police_bluebase_cvstrict_20260603/train_鲁D8515警.jpg
/home/wzzz/LPRNet/datasets/police_bluebase_cvstrict_20260603/train_鲁G7339警.jpg,鲁G7339警,鲁,15,train,/home/wzzz/LPRNet/datasets/police_bluebase_cvstrict_20260603/train_鲁G7339警.jpg
/home/wzzz/LPRNet/datasets/police_bluebase_cvstrict_20260603/train_鲁B0584警.jpg,鲁B0584警,鲁,15,train,/home/wzzz/LPRNet/datasets/police_bluebase_cvstrict_20260603/train_鲁B0584警.jpg
/home/wzzz/LPRNet/datasets/police_bluebase_cvstrict_20260603/train_鲁P2373警.jpg,鲁P2373警,鲁,15,train,/home/wzzz/LPRNet/datasets/police_bluebase_cvstrict_20260603/train_鲁P2373警.jpg
/home/wzzz/LPRNet/datasets/police_bluebase_cvstrict_20260603/train_鲁P9608警.jpg,鲁P9608警,鲁,15,train,/home/wzzz/LPRNet/datasets/police_bluebase_cvstrict_20260603/train_鲁P9608警.jpg
/home/wzzz/LPRNet/datasets/police_bluebase_cvstrict_20260603/train_鲁V2708警.jpg,鲁V2708警,鲁,15,train,/home/wzzz/LPRNet/datasets/police_bluebase_cvstrict_20260603/train_鲁V2708警.jpg
/home/wzzz/LPRNet/datasets/police_bluebase_cvstrict_20260603/train_鲁K9715警.jpg,鲁K9715警,鲁,15,train,/home/wzzz/LPRNet/datasets/police_bluebase_cvstrict_20260603/train_鲁K9715警.jpg
/home/wzzz/LPRNet/datasets/police_bluebase_cvstrict_20260603/train_鲁Y9721警.jpg,鲁Y9721警,鲁,15,train,/home/wzzz/LPRNet/datasets/police_bluebase_cvstrict_20260603/train_鲁Y9721警.jpg
/home/wzzz/LPRNet/datasets/police_bluebase_cvstrict_20260603/train_鲁L0605警.jpg,鲁L0605警,鲁,15,train,/home/wzzz/LPRNet/datasets/police_bluebase_cvstrict_20260603/train_鲁L0605警.jpg
/home/wzzz/LPRNet/datasets/police_bluebase_cvstrict_20260603/train_鲁F0691警.jpg,鲁F0691警,鲁,15,train,/home/wzzz/LPRNet/datasets/police_bluebase_cvstrict_20260603/train_鲁F0691警.jpg
/home/wzzz/LPRNet/datasets/police_bluebase_cvstrict_20260603/train_鲁U3228警.jpg,鲁U3228警,鲁,15,train,/home/wzzz/LPRNet/datasets/police_bluebase_cvstrict_20260603/train_鲁U3228警.jpg
/home/wzzz/LPRNet/datasets/police_bluebase_cvstrict_20260603/train_鲁S6313警.jpg,鲁S6313警,鲁,15,train,/home/wzzz/LPRNet/datasets/police_bluebase_cvstrict_20260603/train_鲁S6313警.jpg
/home/wzzz/LPRNet/datasets/police_bluebase_cvstrict_20260603/train_鲁A1115警.jpg,鲁A1115警,鲁,15,train,/home/wzzz/LPRNet/datasets/police_bluebase_cvstrict_20260603/train_鲁A1115警.jpg
/home/wzzz/LPRNet/datasets/police_bluebase_cvstrict_20260603/train_鲁H8830警.jpg,鲁H8830警,鲁,15,train,/home/wzzz/LPRNet/datasets/police_bluebase_cvstrict_20260603/train_鲁H8830警.jpg
/home/wzzz/LPRNet/datasets/police_bluebase_cvstrict_20260603/train_鲁S8223警.jpg,鲁S8223警,鲁,15,train,/home/wzzz/LPRNet/datasets/police_bluebase_cvstrict_20260603/train_鲁S8223警.jpg
/home/wzzz/LPRNet/datasets/police_bluebase_cvstrict_20260603/train_鲁X9589警.jpg,鲁X9589警,鲁,15,train,/home/wzzz/LPRNet/datasets/police_bluebase_cvstrict_20260603/train_鲁X9589警.jpg
/home/wzzz/LPRNet/datasets/police_bluebase_cvstrict_20260603/train_鲁L2368警.jpg,鲁L2368警,鲁,15,train,/home/wzzz/LPRNet/datasets/police_bluebase_cvstrict_20260603/train_鲁L2368警.jpg
/home/wzzz/LPRNet/datasets/police_bluebase_cvstrict_20260603/train_鲁F9483警.jpg,鲁F9483警,鲁,15,train,/home/wzzz/LPRNet/datasets/police_bluebase_cvstrict_20260603/train_鲁F9483警.jpg
/home/wzzz/LPRNet/datasets/police_bluebase_cvstrict_20260603/train_鲁Y0157警.jpg,鲁Y0157警,鲁,15,train,/home/wzzz/LPRNet/datasets/police_bluebase_cvstrict_20260603/train_鲁Y0157警.jpg
/home/wzzz/LPRNet/datasets/police_bluebase_cvstrict_20260603/train_鲁V2798警.jpg,鲁V2798警,鲁,15,train,/home/wzzz/LPRNet/datasets/police_bluebase_cvstrict_20260603/train_鲁V2798警.jpg
/home/wzzz/LPRNet/datasets/police_bluebase_cvstrict_20260603/train_鲁B4999警.jpg,鲁B4999警,鲁,15,train,/home/wzzz/LPRNet/datasets/police_bluebase_cvstrict_20260603/train_鲁B4999警.jpg
/home/wzzz/LPRNet/datasets/police_bluebase_cvstrict_20260603/train_鲁T8879警.jpg,鲁T8879警,鲁,15,train,/home/wzzz/LPRNet/datasets/police_bluebase_cvstrict_20260603/train_鲁T8879警.jpg
/home/wzzz/LPRNet/datasets/police_bluebase_cvstrict_20260603/train_鲁B1281警.jpg,鲁B1281警,鲁,15,train,/home/wzzz/LPRNet/datasets/police_bluebase_cvstrict_20260603/train_鲁B1281警.jpg
/home/wzzz/LPRNet/datasets/police_bluebase_cvstrict_20260603/train_鲁D5057警.jpg,鲁D5057警,鲁,15,train,/home/wzzz/LPRNet/datasets/police_bluebase_cvstrict_20260603/train_鲁D5057警.jpg
/home/wzzz/LPRNet/datasets/police_bluebase_cvstrict_20260603/train_鲁M7988警.jpg,鲁M7988警,鲁,15,train,/home/wzzz/LPRNet/datasets/police_bluebase_cvstrict_20260603/train_鲁M7988警.jpg
/home/wzzz/LPRNet/datasets/police_bluebase_cvstrict_20260603/train_鲁W6781警.jpg,鲁W6781警,鲁,15,train,/home/wzzz/LPRNet/datasets/police_bluebase_cvstrict_20260603/train_鲁W6781警.jpg
/home/wzzz/LPRNet/datasets/police_bluebase_cvstrict_20260603/train_鲁F7531警.jpg,鲁F7531警,鲁,15,train,/home/wzzz/LPRNet/datasets/police_bluebase_cvstrict_20260603/train_鲁F7531警.jpg
/home/wzzz/LPRNet/datasets/police_bluebase_cvstrict_20260603/train_鲁Q1080警.jpg,鲁Q1080警,鲁,15,train,/home/wzzz/LPRNet/datasets/police_bluebase_cvstrict_20260603/train_鲁Q1080警.jpg
/home/wzzz/LPRNet/datasets/police_bluebase_cvstrict_20260603/train_鲁Y8426警.jpg,鲁Y8426警,鲁,15,train,/home/wzzz/LPRNet/datasets/police_bluebase_cvstrict_20260603/train_鲁Y8426警.jpg
/home/wzzz/LPRNet/datasets/police_bluebase_cvstrict_20260603/train_鲁F5440警.jpg,鲁F5440警,鲁,15,train,/home/wzzz/LPRNet/datasets/police_bluebase_cvstrict_20260603/train_鲁F5440警.jpg
/home/wzzz/LPRNet/datasets/police_bluebase_cvstrict_20260603/train_鲁T3192警.jpg,鲁T3192警,鲁,15,train,/home/wzzz/LPRNet/datasets/police_bluebase_cvstrict_20260603/train_鲁T3192警.jpg
/home/wzzz/LPRNet/datasets/police_bluebase_cvstrict_20260603/train_鲁Q2089警.jpg,鲁Q2089警,鲁,15,train,/home/wzzz/LPRNet/datasets/police_bluebase_cvstrict_20260603/train_鲁Q2089警.jpg
/home/wzzz/LPRNet/datasets/police_bluebase_cvstrict_20260603/train_鲁K3760警.jpg,鲁K3760警,鲁,15,train,/home/wzzz/LPRNet/datasets/police_bluebase_cvstrict_20260603/train_鲁K3760警.jpg
/home/wzzz/LPRNet/datasets/police_bluebase_cvstrict_20260603/train_鲁G9125警.jpg,鲁G9125警,鲁,15,train,/home/wzzz/LPRNet/datasets/police_bluebase_cvstrict_20260603/train_鲁G9125警.jpg
/home/wzzz/LPRNet/datasets/police_bluebase_cvstrict_20260603/train_鲁F4536警.jpg,鲁F4536警,鲁,15,train,/home/wzzz/LPRNet/datasets/police_bluebase_cvstrict_20260603/train_鲁F4536警.jpg
/home/wzzz/LPRNet/datasets/police_bluebase_cvstrict_20260603/train_鲁J2365警.jpg,鲁J2365警,鲁,15,train,/home/wzzz/LPRNet/datasets/police_bluebase_cvstrict_20260603/train_鲁J2365警.jpg
/home/wzzz/LPRNet/datasets/police_bluebase_cvstrict_20260603/train_豫K3864警.jpg,豫K3864警,豫,16,train,/home/wzzz/LPRNet/datasets/police_bluebase_cvstrict_20260603/train_豫K3864警.jpg
/home/wzzz/LPRNet/datasets/police_bluebase_cvstrict_20260603/train_豫R0028警.jpg,豫R0028警,豫,16,train,/home/wzzz/LPRNet/datasets/police_bluebase_cvstrict_20260603/train_豫R0028警.jpg
/home/wzzz/LPRNet/datasets/police_bluebase_cvstrict_20260603/train_豫Z9883警.jpg,豫Z9883警,豫,16,train,/home/wzzz/LPRNet/datasets/police_bluebase_cvstrict_20260603/train_豫Z9883警.jpg
/home/wzzz/LPRNet/datasets/police_bluebase_cvstrict_20260603/train_豫Y2703警.jpg,豫Y2703警,豫,16,train,/home/wzzz/LPRNet/datasets/police_bluebase_cvstrict_20260603/train_豫Y2703警.jpg
/home/wzzz/LPRNet/datasets/police_bluebase_cvstrict_20260603/train_豫A4279警.jpg,豫A4279警,豫,16,train,/home/wzzz/LPRNet/datasets/police_bluebase_cvstrict_20260603/train_豫A4279警.jpg
/home/wzzz/LPRNet/datasets/police_bluebase_cvstrict_20260603/train_豫D9624警.jpg,豫D9624警,豫,16,train,/home/wzzz/LPRNet/datasets/police_bluebase_cvstrict_20260603/train_豫D9624警.jpg
/home/wzzz/LPRNet/datasets/police_bluebase_cvstrict_20260603/train_豫N9231警.jpg,豫N9231警,豫,16,train,/home/wzzz/LPRNet/datasets/police_bluebase_cvstrict_20260603/train_豫N9231警.jpg
/home/wzzz/LPRNet/datasets/police_bluebase_cvstrict_20260603/train_豫W1686警.jpg,豫W1686警,豫,16,train,/home/wzzz/LPRNet/datasets/police_bluebase_cvstrict_20260603/train_豫W1686警.jpg
/home/wzzz/LPRNet/datasets/police_bluebase_cvstrict_20260603/train_豫P8850警.jpg,豫P8850警,豫,16,train,/home/wzzz/LPRNet/datasets/police_bluebase_cvstrict_20260603/train_豫P8850警.jpg
/home/wzzz/LPRNet/datasets/police_bluebase_cvstrict_20260603/train_豫D9004警.jpg,豫D9004警,豫,16,train,/home/wzzz/LPRNet/datasets/police_bluebase_cvstrict_20260603/train_豫D9004警.jpg
/home/wzzz/LPRNet/datasets/police_bluebase_cvstrict_20260603/train_豫A7763警.jpg,豫A7763警,豫,16,train,/home/wzzz/LPRNet/datasets/police_bluebase_cvstrict_20260603/train_豫A7763警.jpg
/home/wzzz/LPRNet/datasets/police_bluebase_cvstrict_20260603/train_豫Z1719警.jpg,豫Z1719警,豫,16,train,/home/wzzz/LPRNet/datasets/police_bluebase_cvstrict_20260603/train_豫Z1719警.jpg
/home/wzzz/LPRNet/datasets/police_bluebase_cvstrict_20260603/train_豫T6953警.jpg,豫T6953警,豫,16,train,/home/wzzz/LPRNet/datasets/police_bluebase_cvstrict_20260603/train_豫T6953警.jpg
/home/wzzz/LPRNet/datasets/police_bluebase_cvstrict_20260603/train_豫M7424警.jpg,豫M7424警,豫,16,train,/home/wzzz/LPRNet/datasets/police_bluebase_cvstrict_20260603/train_豫M7424警.jpg
/home/wzzz/LPRNet/datasets/police_bluebase_cvstrict_20260603/train_豫R2161警.jpg,豫R2161警,豫,16,train,/home/wzzz/LPRNet/datasets/police_bluebase_cvstrict_20260603/train_豫R2161警.jpg
/home/wzzz/LPRNet/datasets/police_bluebase_cvstrict_20260603/train_豫D9369警.jpg,豫D9369警,豫,16,train,/home/wzzz/LPRNet/datasets/police_bluebase_cvstrict_20260603/train_豫D9369警.jpg
/home/wzzz/LPRNet/datasets/police_bluebase_cvstrict_20260603/train_豫Q1105警.jpg,豫Q1105警,豫,16,train,/home/wzzz/LPRNet/datasets/police_bluebase_cvstrict_20260603/train_豫Q1105警.jpg
/home/wzzz/LPRNet/datasets/police_bluebase_cvstrict_20260603/train_豫J9015警.jpg,豫J9015警,豫,16,train,/home/wzzz/LPRNet/datasets/police_bluebase_cvstrict_20260603/train_豫J9015警.jpg
/home/wzzz/LPRNet/datasets/police_bluebase_cvstrict_20260603/train_豫V0480警.jpg,豫V0480警,豫,16,train,/home/wzzz/LPRNet/datasets/police_bluebase_cvstrict_20260603/train_豫V0480警.jpg
/home/wzzz/LPRNet/datasets/police_bluebase_cvstrict_20260603/train_豫X8390警.jpg,豫X8390警,豫,16,train,/home/wzzz/LPRNet/datasets/police_bluebase_cvstrict_20260603/train_豫X8390警.jpg
/home/wzzz/LPRNet/datasets/police_bluebase_cvstrict_20260603/train_豫L7578警.jpg,豫L7578警,豫,16,train,/home/wzzz/LPRNet/datasets/police_bluebase_cvstrict_20260603/train_豫L7578警.jpg
/home/wzzz/LPRNet/datasets/police_bluebase_cvstrict_20260603/train_豫K0287警.jpg,豫K0287警,豫,16,train,/home/wzzz/LPRNet/datasets/police_bluebase_cvstrict_20260603/train_豫K0287警.jpg
/home/wzzz/LPRNet/datasets/police_bluebase_cvstrict_20260603/train_豫W4401警.jpg,豫W4401警,豫,16,train,/home/wzzz/LPRNet/datasets/police_bluebase_cvstrict_20260603/train_豫W4401警.jpg
/home/wzzz/LPRNet/datasets/police_bluebase_cvstrict_20260603/train_豫P6500警.jpg,豫P6500警,豫,16,train,/home/wzzz/LPRNet/datasets/police_bluebase_cvstrict_20260603/train_豫P6500警.jpg
/home/wzzz/LPRNet/datasets/police_bluebase_cvstrict_20260603/train_豫H1942警.jpg,豫H1942警,豫,16,train,/home/wzzz/LPRNet/datasets/police_bluebase_cvstrict_20260603/train_豫H1942警.jpg
/home/wzzz/LPRNet/datasets/police_bluebase_cvstrict_20260603/train_豫A9615警.jpg,豫A9615警,豫,16,train,/home/wzzz/LPRNet/datasets/police_bluebase_cvstrict_20260603/train_豫A9615警.jpg
/home/wzzz/LPRNet/datasets/police_bluebase_cvstrict_20260603/train_豫Q5548警.jpg,豫Q5548警,豫,16,train,/home/wzzz/LPRNet/datasets/police_bluebase_cvstrict_20260603/train_豫Q5548警.jpg
/home/wzzz/LPRNet/datasets/police_bluebase_cvstrict_20260603/train_豫F8067警.jpg,豫F8067警,豫,16,train,/home/wzzz/LPRNet/datasets/police_bluebase_cvstrict_20260603/train_豫F8067警.jpg
/home/wzzz/LPRNet/datasets/police_bluebase_cvstrict_20260603/train_豫N0064警.jpg,豫N0064警,豫,16,train,/home/wzzz/LPRNet/datasets/police_bluebase_cvstrict_20260603/train_豫N0064警.jpg
/home/wzzz/LPRNet/datasets/police_bluebase_cvstrict_20260603/train_豫R7484警.jpg,豫R7484警,豫,16,train,/home/wzzz/LPRNet/datasets/police_bluebase_cvstrict_20260603/train_豫R7484警.jpg
/home/wzzz/LPRNet/datasets/police_bluebase_cvstrict_20260603/train_豫V4120警.jpg,豫V4120警,豫,16,train,/home/wzzz/LPRNet/datasets/police_bluebase_cvstrict_20260603/train_豫V4120警.jpg
/home/wzzz/LPRNet/datasets/police_bluebase_cvstrict_20260603/train_豫N6689警.jpg,豫N6689警,豫,16,train,/home/wzzz/LPRNet/datasets/police_bluebase_cvstrict_20260603/train_豫N6689警.jpg
/home/wzzz/LPRNet/datasets/police_bluebase_cvstrict_20260603/train_豫J9696警.jpg,豫J9696警,豫,16,train,/home/wzzz/LPRNet/datasets/police_bluebase_cvstrict_20260603/train_豫J9696警.jpg
/home/wzzz/LPRNet/datasets/police_bluebase_cvstrict_20260603/train_豫E0036警.jpg,豫E0036警,豫,16,train,/home/wzzz/LPRNet/datasets/police_bluebase_cvstrict_20260603/train_豫E0036警.jpg
/home/wzzz/LPRNet/datasets/police_bluebase_cvstrict_20260603/train_豫J1493警.jpg,豫J1493警,豫,16,train,/home/wzzz/LPRNet/datasets/police_bluebase_cvstrict_20260603/train_豫J1493警.jpg
/home/wzzz/LPRNet/datasets/police_bluebase_cvstrict_20260603/train_豫X7016警.jpg,豫X7016警,豫,16,train,/home/wzzz/LPRNet/datasets/police_bluebase_cvstrict_20260603/train_豫X7016警.jpg
/home/wzzz/LPRNet/datasets/police_bluebase_cvstrict_20260603/train_豫A4379警.jpg,豫A4379警,豫,16,train,/home/wzzz/LPRNet/datasets/police_bluebase_cvstrict_20260603/train_豫A4379警.jpg
/home/wzzz/LPRNet/datasets/police_bluebase_cvstrict_20260603/train_豫D8538警.jpg,豫D8538警,豫,16,train,/home/wzzz/LPRNet/datasets/police_bluebase_cvstrict_20260603/train_豫D8538警.jpg
/home/wzzz/LPRNet/datasets/police_bluebase_cvstrict_20260603/train_豫W4971警.jpg,豫W4971警,豫,16,train,/home/wzzz/LPRNet/datasets/police_bluebase_cvstrict_20260603/train_豫W4971警.jpg
/home/wzzz/LPRNet/datasets/police_bluebase_cvstrict_20260603/train_豫W2402警.jpg,豫W2402警,豫,16,train,/home/wzzz/LPRNet/datasets/police_bluebase_cvstrict_20260603/train_豫W2402警.jpg
/home/wzzz/LPRNet/datasets/police_bluebase_cvstrict_20260603/train_豫B9865警.jpg,豫B9865警,豫,16,train,/home/wzzz/LPRNet/datasets/police_bluebase_cvstrict_20260603/train_豫B9865警.jpg
/home/wzzz/LPRNet/datasets/police_bluebase_cvstrict_20260603/train_豫U8497警.jpg,豫U8497警,豫,16,train,/home/wzzz/LPRNet/datasets/police_bluebase_cvstrict_20260603/train_豫U8497警.jpg
/home/wzzz/LPRNet/datasets/police_bluebase_cvstrict_20260603/train_豫D6904警.jpg,豫D6904警,豫,16,train,/home/wzzz/LPRNet/datasets/police_bluebase_cvstrict_20260603/train_豫D6904警.jpg
/home/wzzz/LPRNet/datasets/police_bluebase_cvstrict_20260603/train_豫L5268警.jpg,豫L5268警,豫,16,train,/home/wzzz/LPRNet/datasets/police_bluebase_cvstrict_20260603/train_豫L5268警.jpg
/home/wzzz/LPRNet/datasets/police_bluebase_cvstrict_20260603/train_豫H4079警.jpg,豫H4079警,豫,16,train,/home/wzzz/LPRNet/datasets/police_bluebase_cvstrict_20260603/train_豫H4079警.jpg
/home/wzzz/LPRNet/datasets/police_bluebase_cvstrict_20260603/train_豫V9411警.jpg,豫V9411警,豫,16,train,/home/wzzz/LPRNet/datasets/police_bluebase_cvstrict_20260603/train_豫V9411警.jpg
/home/wzzz/LPRNet/datasets/police_bluebase_cvstrict_20260603/train_豫G6746警.jpg,豫G6746警,豫,16,train,/home/wzzz/LPRNet/datasets/police_bluebase_cvstrict_20260603/train_豫G6746警.jpg
/home/wzzz/LPRNet/datasets/police_bluebase_cvstrict_20260603/train_豫Q9279警.jpg,豫Q9279警,豫,16,train,/home/wzzz/LPRNet/datasets/police_bluebase_cvstrict_20260603/train_豫Q9279警.jpg
/home/wzzz/LPRNet/datasets/police_bluebase_cvstrict_20260603/train_豫S8623警.jpg,豫S8623警,豫,16,train,/home/wzzz/LPRNet/datasets/police_bluebase_cvstrict_20260603/train_豫S8623警.jpg
/home/wzzz/LPRNet/datasets/police_bluebase_cvstrict_20260603/train_豫H7504警.jpg,豫H7504警,豫,16,train,/home/wzzz/LPRNet/datasets/police_bluebase_cvstrict_20260603/train_豫H7504警.jpg
/home/wzzz/LPRNet/datasets/police_bluebase_cvstrict_20260603/train_鄂U0006警.jpg,鄂U0006警,鄂,17,train,/home/wzzz/LPRNet/datasets/police_bluebase_cvstrict_20260603/train_鄂U0006警.jpg
/home/wzzz/LPRNet/datasets/police_bluebase_cvstrict_20260603/train_鄂J8280警.jpg,鄂J8280警,鄂,17,train,/home/wzzz/LPRNet/datasets/police_bluebase_cvstrict_20260603/train_鄂J8280警.jpg
/home/wzzz/LPRNet/datasets/police_bluebase_cvstrict_20260603/train_鄂E7673警.jpg,鄂E7673警,鄂,17,train,/home/wzzz/LPRNet/datasets/police_bluebase_cvstrict_20260603/train_鄂E7673警.jpg
/home/wzzz/LPRNet/datasets/police_bluebase_cvstrict_20260603/train_鄂N0813警.jpg,鄂N0813警,鄂,17,train,/home/wzzz/LPRNet/datasets/police_bluebase_cvstrict_20260603/train_鄂N0813警.jpg
/home/wzzz/LPRNet/datasets/police_bluebase_cvstrict_20260603/train_鄂X7795警.jpg,鄂X7795警,鄂,17,train,/home/wzzz/LPRNet/datasets/police_bluebase_cvstrict_20260603/train_鄂X7795警.jpg
/home/wzzz/LPRNet/datasets/police_bluebase_cvstrict_20260603/train_鄂V2529警.jpg,鄂V2529警,鄂,17,train,/home/wzzz/LPRNet/datasets/police_bluebase_cvstrict_20260603/train_鄂V2529警.jpg
/home/wzzz/LPRNet/datasets/police_bluebase_cvstrict_20260603/train_鄂F4325警.jpg,鄂F4325警,鄂,17,train,/home/wzzz/LPRNet/datasets/police_bluebase_cvstrict_20260603/train_鄂F4325警.jpg
/home/wzzz/LPRNet/datasets/police_bluebase_cvstrict_20260603/train_鄂Z4586警.jpg,鄂Z4586警,鄂,17,train,/home/wzzz/LPRNet/datasets/police_bluebase_cvstrict_20260603/train_鄂Z4586警.jpg
/home/wzzz/LPRNet/datasets/police_bluebase_cvstrict_20260603/train_鄂F1714警.jpg,鄂F1714警,鄂,17,train,/home/wzzz/LPRNet/datasets/police_bluebase_cvstrict_20260603/train_鄂F1714警.jpg
/home/wzzz/LPRNet/datasets/police_bluebase_cvstrict_20260603/train_鄂H8973警.jpg,鄂H8973警,鄂,17,train,/home/wzzz/LPRNet/datasets/police_bluebase_cvstrict_20260603/train_鄂H8973警.jpg
/home/wzzz/LPRNet/datasets/police_bluebase_cvstrict_20260603/train_鄂D3294警.jpg,鄂D3294警,鄂,17,train,/home/wzzz/LPRNet/datasets/police_bluebase_cvstrict_20260603/train_鄂D3294警.jpg
/home/wzzz/LPRNet/datasets/police_bluebase_cvstrict_20260603/train_鄂C3942警.jpg,鄂C3942警,鄂,17,train,/home/wzzz/LPRNet/datasets/police_bluebase_cvstrict_20260603/train_鄂C3942警.jpg
/home/wzzz/LPRNet/datasets/police_bluebase_cvstrict_20260603/train_鄂P1711警.jpg,鄂P1711警,鄂,17,train,/home/wzzz/LPRNet/datasets/police_bluebase_cvstrict_20260603/train_鄂P1711警.jpg
/home/wzzz/LPRNet/datasets/police_bluebase_cvstrict_20260603/train_鄂L7345警.jpg,鄂L7345警,鄂,17,train,/home/wzzz/LPRNet/datasets/police_bluebase_cvstrict_20260603/train_鄂L7345警.jpg
/home/wzzz/LPRNet/datasets/police_bluebase_cvstrict_20260603/train_鄂B8347警.jpg,鄂B8347警,鄂,17,train,/home/wzzz/LPRNet/datasets/police_bluebase_cvstrict_20260603/train_鄂B8347警.jpg
/home/wzzz/LPRNet/datasets/police_bluebase_cvstrict_20260603/train_鄂S7985警.jpg,鄂S7985警,鄂,17,train,/home/wzzz/LPRNet/datasets/police_bluebase_cvstrict_20260603/train_鄂S7985警.jpg
/home/wzzz/LPRNet/datasets/police_bluebase_cvstrict_20260603/train_鄂D8876警.jpg,鄂D8876警,鄂,17,train,/home/wzzz/LPRNet/datasets/police_bluebase_cvstrict_20260603/train_鄂D8876警.jpg
/home/wzzz/LPRNet/datasets/police_bluebase_cvstrict_20260603/train_鄂N9803警.jpg,鄂N9803警,鄂,17,train,/home/wzzz/LPRNet/datasets/police_bluebase_cvstrict_20260603/train_鄂N9803警.jpg
/home/wzzz/LPRNet/datasets/police_bluebase_cvstrict_20260603/train_鄂J2369警.jpg,鄂J2369警,鄂,17,train,/home/wzzz/LPRNet/datasets/police_bluebase_cvstrict_20260603/train_鄂J2369警.jpg
/home/wzzz/LPRNet/datasets/police_bluebase_cvstrict_20260603/train_鄂J0876警.jpg,鄂J0876警,鄂,17,train,/home/wzzz/LPRNet/datasets/police_bluebase_cvstrict_20260603/train_鄂J0876警.jpg
/home/wzzz/LPRNet/datasets/police_bluebase_cvstrict_20260603/train_鄂T2700警.jpg,鄂T2700警,鄂,17,train,/home/wzzz/LPRNet/datasets/police_bluebase_cvstrict_20260603/train_鄂T2700警.jpg
/home/wzzz/LPRNet/datasets/police_bluebase_cvstrict_20260603/train_鄂P7891警.jpg,鄂P7891警,鄂,17,train,/home/wzzz/LPRNet/datasets/police_bluebase_cvstrict_20260603/train_鄂P7891警.jpg
/home/wzzz/LPRNet/datasets/police_bluebase_cvstrict_20260603/train_鄂D8164警.jpg,鄂D8164警,鄂,17,train,/home/wzzz/LPRNet/datasets/police_bluebase_cvstrict_20260603/train_鄂D8164警.jpg
/home/wzzz/LPRNet/datasets/police_bluebase_cvstrict_20260603/train_鄂L9462警.jpg,鄂L9462警,鄂,17,train,/home/wzzz/LPRNet/datasets/police_bluebase_cvstrict_20260603/train_鄂L9462警.jpg
/home/wzzz/LPRNet/datasets/police_bluebase_cvstrict_20260603/train_鄂R8016警.jpg,鄂R8016警,鄂,17,train,/home/wzzz/LPRNet/datasets/police_bluebase_cvstrict_20260603/train_鄂R8016警.jpg
/home/wzzz/LPRNet/datasets/police_bluebase_cvstrict_20260603/train_鄂W1526警.jpg,鄂W1526警,鄂,17,train,/home/wzzz/LPRNet/datasets/police_bluebase_cvstrict_20260603/train_鄂W1526警.jpg
/home/wzzz/LPRNet/datasets/police_bluebase_cvstrict_20260603/train_鄂P6391警.jpg,鄂P6391警,鄂,17,train,/home/wzzz/LPRNet/datasets/police_bluebase_cvstrict_20260603/train_鄂P6391警.jpg
/home/wzzz/LPRNet/datasets/police_bluebase_cvstrict_20260603/train_鄂L3832警.jpg,鄂L3832警,鄂,17,train,/home/wzzz/LPRNet/datasets/police_bluebase_cvstrict_20260603/train_鄂L3832警.jpg
/home/wzzz/LPRNet/datasets/police_bluebase_cvstrict_20260603/train_鄂E1674警.jpg,鄂E1674警,鄂,17,train,/home/wzzz/LPRNet/datasets/police_bluebase_cvstrict_20260603/train_鄂E1674警.jpg
/home/wzzz/LPRNet/datasets/police_bluebase_cvstrict_20260603/train_鄂S5219警.jpg,鄂S5219警,鄂,17,train,/home/wzzz/LPRNet/datasets/police_bluebase_cvstrict_20260603/train_鄂S5219警.jpg
/home/wzzz/LPRNet/datasets/police_bluebase_cvstrict_20260603/train_鄂E6402警.jpg,鄂E6402警,鄂,17,train,/home/wzzz/LPRNet/datasets/police_bluebase_cvstrict_20260603/train_鄂E6402警.jpg
/home/wzzz/LPRNet/datasets/police_bluebase_cvstrict_20260603/train_鄂Y0711警.jpg,鄂Y0711警,鄂,17,train,/home/wzzz/LPRNet/datasets/police_bluebase_cvstrict_20260603/train_鄂Y0711警.jpg
/home/wzzz/LPRNet/datasets/police_bluebase_cvstrict_20260603/train_鄂J2631警.jpg,鄂J2631警,鄂,17,train,/home/wzzz/LPRNet/datasets/police_bluebase_cvstrict_20260603/train_鄂J2631警.jpg
/home/wzzz/LPRNet/datasets/police_bluebase_cvstrict_20260603/train_鄂W9784警.jpg,鄂W9784警,鄂,17,train,/home/wzzz/LPRNet/datasets/police_bluebase_cvstrict_20260603/train_鄂W9784警.jpg
/home/wzzz/LPRNet/datasets/police_bluebase_cvstrict_20260603/train_鄂E0772警.jpg,鄂E0772警,鄂,17,train,/home/wzzz/LPRNet/datasets/police_bluebase_cvstrict_20260603/train_鄂E0772警.jpg
/home/wzzz/LPRNet/datasets/police_bluebase_cvstrict_20260603/train_鄂J6916警.jpg,鄂J6916警,鄂,17,train,/home/wzzz/LPRNet/datasets/police_bluebase_cvstrict_20260603/train_鄂J6916警.jpg
/home/wzzz/LPRNet/datasets/police_bluebase_cvstrict_20260603/train_鄂F9639警.jpg,鄂F9639警,鄂,17,train,/home/wzzz/LPRNet/datasets/police_bluebase_cvstrict_20260603/train_鄂F9639警.jpg
/home/wzzz/LPRNet/datasets/police_bluebase_cvstrict_20260603/train_鄂M3319警.jpg,鄂M3319警,鄂,17,train,/home/wzzz/LPRNet/datasets/police_bluebase_cvstrict_20260603/train_鄂M3319警.jpg
/home/wzzz/LPRNet/datasets/police_bluebase_cvstrict_20260603/train_鄂U7006警.jpg,鄂U7006警,鄂,17,train,/home/wzzz/LPRNet/datasets/police_bluebase_cvstrict_20260603/train_鄂U7006警.jpg
/home/wzzz/LPRNet/datasets/police_bluebase_cvstrict_20260603/train_鄂N7162警.jpg,鄂N7162警,鄂,17,train,/home/wzzz/LPRNet/datasets/police_bluebase_cvstrict_20260603/train_鄂N7162警.jpg
/home/wzzz/LPRNet/datasets/police_bluebase_cvstrict_20260603/train_鄂M3373警.jpg,鄂M3373警,鄂,17,train,/home/wzzz/LPRNet/datasets/police_bluebase_cvstrict_20260603/train_鄂M3373警.jpg
/home/wzzz/LPRNet/datasets/police_bluebase_cvstrict_20260603/train_鄂T4302警.jpg,鄂T4302警,鄂,17,train,/home/wzzz/LPRNet/datasets/police_bluebase_cvstrict_20260603/train_鄂T4302警.jpg
/home/wzzz/LPRNet/datasets/police_bluebase_cvstrict_20260603/train_鄂J5213警.jpg,鄂J5213警,鄂,17,train,/home/wzzz/LPRNet/datasets/police_bluebase_cvstrict_20260603/train_鄂J5213警.jpg
/home/wzzz/LPRNet/datasets/police_bluebase_cvstrict_20260603/train_鄂R3189警.jpg,鄂R3189警,鄂,17,train,/home/wzzz/LPRNet/datasets/police_bluebase_cvstrict_20260603/train_鄂R3189警.jpg
/home/wzzz/LPRNet/datasets/police_bluebase_cvstrict_20260603/train_鄂U3690警.jpg,鄂U3690警,鄂,17,train,/home/wzzz/LPRNet/datasets/police_bluebase_cvstrict_20260603/train_鄂U3690警.jpg
/home/wzzz/LPRNet/datasets/police_bluebase_cvstrict_20260603/train_鄂Q9861警.jpg,鄂Q9861警,鄂,17,train,/home/wzzz/LPRNet/datasets/police_bluebase_cvstrict_20260603/train_鄂Q9861警.jpg
/home/wzzz/LPRNet/datasets/police_bluebase_cvstrict_20260603/train_鄂H5894警.jpg,鄂H5894警,鄂,17,train,/home/wzzz/LPRNet/datasets/police_bluebase_cvstrict_20260603/train_鄂H5894警.jpg
/home/wzzz/LPRNet/datasets/police_bluebase_cvstrict_20260603/train_鄂K4034警.jpg,鄂K4034警,鄂,17,train,/home/wzzz/LPRNet/datasets/police_bluebase_cvstrict_20260603/train_鄂K4034警.jpg
/home/wzzz/LPRNet/datasets/police_bluebase_cvstrict_20260603/train_鄂M5086警.jpg,鄂M5086警,鄂,17,train,/home/wzzz/LPRNet/datasets/police_bluebase_cvstrict_20260603/train_鄂M5086警.jpg
/home/wzzz/LPRNet/datasets/police_bluebase_cvstrict_20260603/train_鄂C8196警.jpg,鄂C8196警,鄂,17,train,/home/wzzz/LPRNet/datasets/police_bluebase_cvstrict_20260603/train_鄂C8196警.jpg
/home/wzzz/LPRNet/datasets/police_bluebase_cvstrict_20260603/train_湘W2074警.jpg,湘W2074警,湘,18,train,/home/wzzz/LPRNet/datasets/police_bluebase_cvstrict_20260603/train_湘W2074警.jpg
/home/wzzz/LPRNet/datasets/police_bluebase_cvstrict_20260603/train_湘E3077警.jpg,湘E3077警,湘,18,train,/home/wzzz/LPRNet/datasets/police_bluebase_cvstrict_20260603/train_湘E3077警.jpg
/home/wzzz/LPRNet/datasets/police_bluebase_cvstrict_20260603/train_湘G3571警.jpg,湘G3571警,湘,18,train,/home/wzzz/LPRNet/datasets/police_bluebase_cvstrict_20260603/train_湘G3571警.jpg
/home/wzzz/LPRNet/datasets/police_bluebase_cvstrict_20260603/train_湘V0832警.jpg,湘V0832警,湘,18,train,/home/wzzz/LPRNet/datasets/police_bluebase_cvstrict_20260603/train_湘V0832警.jpg
/home/wzzz/LPRNet/datasets/police_bluebase_cvstrict_20260603/train_湘J4081警.jpg,湘J4081警,湘,18,train,/home/wzzz/LPRNet/datasets/police_bluebase_cvstrict_20260603/train_湘J4081警.jpg
/home/wzzz/LPRNet/datasets/police_bluebase_cvstrict_20260603/train_湘Q0356警.jpg,湘Q0356警,湘,18,train,/home/wzzz/LPRNet/datasets/police_bluebase_cvstrict_20260603/train_湘Q0356警.jpg
/home/wzzz/LPRNet/datasets/police_bluebase_cvstrict_20260603/train_湘N6855警.jpg,湘N6855警,湘,18,train,/home/wzzz/LPRNet/datasets/police_bluebase_cvstrict_20260603/train_湘N6855警.jpg
/home/wzzz/LPRNet/datasets/police_bluebase_cvstrict_20260603/train_湘Q5999警.jpg,湘Q5999警,湘,18,train,/home/wzzz/LPRNet/datasets/police_bluebase_cvstrict_20260603/train_湘Q5999警.jpg
/home/wzzz/LPRNet/datasets/police_bluebase_cvstrict_20260603/train_湘U9324警.jpg,湘U9324警,湘,18,train,/home/wzzz/LPRNet/datasets/police_bluebase_cvstrict_20260603/train_湘U9324警.jpg
/home/wzzz/LPRNet/datasets/police_bluebase_cvstrict_20260603/train_湘K1412警.jpg,湘K1412警,湘,18,train,/home/wzzz/LPRNet/datasets/police_bluebase_cvstrict_20260603/train_湘K1412警.jpg
/home/wzzz/LPRNet/datasets/police_bluebase_cvstrict_20260603/train_湘E0360警.jpg,湘E0360警,湘,18,train,/home/wzzz/LPRNet/datasets/police_bluebase_cvstrict_20260603/train_湘E0360警.jpg
/home/wzzz/LPRNet/datasets/police_bluebase_cvstrict_20260603/train_湘E4579警.jpg,湘E4579警,湘,18,train,/home/wzzz/LPRNet/datasets/police_bluebase_cvstrict_20260603/train_湘E4579警.jpg
/home/wzzz/LPRNet/datasets/police_bluebase_cvstrict_20260603/train_湘H6282警.jpg,湘H6282警,湘,18,train,/home/wzzz/LPRNet/datasets/police_bluebase_cvstrict_20260603/train_湘H6282警.jpg
/home/wzzz/LPRNet/datasets/police_bluebase_cvstrict_20260603/train_湘Q6889警.jpg,湘Q6889警,湘,18,train,/home/wzzz/LPRNet/datasets/police_bluebase_cvstrict_20260603/train_湘Q6889警.jpg
/home/wzzz/LPRNet/datasets/police_bluebase_cvstrict_20260603/train_湘V6511警.jpg,湘V6511警,湘,18,train,/home/wzzz/LPRNet/datasets/police_bluebase_cvstrict_20260603/train_湘V6511警.jpg
/home/wzzz/LPRNet/datasets/police_bluebase_cvstrict_20260603/train_湘U0096警.jpg,湘U0096警,湘,18,train,/home/wzzz/LPRNet/datasets/police_bluebase_cvstrict_20260603/train_湘U0096警.jpg
/home/wzzz/LPRNet/datasets/police_bluebase_cvstrict_20260603/train_湘S7838警.jpg,湘S7838警,湘,18,train,/home/wzzz/LPRNet/datasets/police_bluebase_cvstrict_20260603/train_湘S7838警.jpg
/home/wzzz/LPRNet/datasets/police_bluebase_cvstrict_20260603/train_湘X8554警.jpg,湘X8554警,湘,18,train,/home/wzzz/LPRNet/datasets/police_bluebase_cvstrict_20260603/train_湘X8554警.jpg
/home/wzzz/LPRNet/datasets/police_bluebase_cvstrict_20260603/train_湘L6918警.jpg,湘L6918警,湘,18,train,/home/wzzz/LPRNet/datasets/police_bluebase_cvstrict_20260603/train_湘L6918警.jpg
/home/wzzz/LPRNet/datasets/police_bluebase_cvstrict_20260603/train_湘Q3251警.jpg,湘Q3251警,湘,18,train,/home/wzzz/LPRNet/datasets/police_bluebase_cvstrict_20260603/train_湘Q3251警.jpg
/home/wzzz/LPRNet/datasets/police_bluebase_cvstrict_20260603/train_湘V9914警.jpg,湘V9914警,湘,18,train,/home/wzzz/LPRNet/datasets/police_bluebase_cvstrict_20260603/train_湘V9914警.jpg
/home/wzzz/LPRNet/datasets/police_bluebase_cvstrict_20260603/train_湘A8250警.jpg,湘A8250警,湘,18,train,/home/wzzz/LPRNet/datasets/police_bluebase_cvstrict_20260603/train_湘A8250警.jpg
/home/wzzz/LPRNet/datasets/police_bluebase_cvstrict_20260603/train_湘L4241警.jpg,湘L4241警,湘,18,train,/home/wzzz/LPRNet/datasets/police_bluebase_cvstrict_20260603/train_湘L4241警.jpg
/home/wzzz/LPRNet/datasets/police_bluebase_cvstrict_20260603/train_湘V8542警.jpg,湘V8542警,湘,18,train,/home/wzzz/LPRNet/datasets/police_bluebase_cvstrict_20260603/train_湘V8542警.jpg
/home/wzzz/LPRNet/datasets/police_bluebase_cvstrict_20260603/train_湘Q3611警.jpg,湘Q3611警,湘,18,train,/home/wzzz/LPRNet/datasets/police_bluebase_cvstrict_20260603/train_湘Q3611警.jpg
/home/wzzz/LPRNet/datasets/police_bluebase_cvstrict_20260603/train_湘X1635警.jpg,湘X1635警,湘,18,train,/home/wzzz/LPRNet/datasets/police_bluebase_cvstrict_20260603/train_湘X1635警.jpg
/home/wzzz/LPRNet/datasets/police_bluebase_cvstrict_20260603/train_湘W6388警.jpg,湘W6388警,湘,18,train,/home/wzzz/LPRNet/datasets/police_bluebase_cvstrict_20260603/train_湘W6388警.jpg
/home/wzzz/LPRNet/datasets/police_bluebase_cvstrict_20260603/train_湘B7960警.jpg,湘B7960警,湘,18,train,/home/wzzz/LPRNet/datasets/police_bluebase_cvstrict_20260603/train_湘B7960警.jpg
/home/wzzz/LPRNet/datasets/police_bluebase_cvstrict_20260603/train_湘S4081警.jpg,湘S4081警,湘,18,train,/home/wzzz/LPRNet/datasets/police_bluebase_cvstrict_20260603/train_湘S4081警.jpg
/home/wzzz/LPRNet/datasets/police_bluebase_cvstrict_20260603/train_湘H2438警.jpg,湘H2438警,湘,18,train,/home/wzzz/LPRNet/datasets/police_bluebase_cvstrict_20260603/train_湘H2438警.jpg
/home/wzzz/LPRNet/datasets/police_bluebase_cvstrict_20260603/train_湘A7577警.jpg,湘A7577警,湘,18,train,/home/wzzz/LPRNet/datasets/police_bluebase_cvstrict_20260603/train_湘A7577警.jpg
/home/wzzz/LPRNet/datasets/police_bluebase_cvstrict_20260603/train_湘S6421警.jpg,湘S6421警,湘,18,train,/home/wzzz/LPRNet/datasets/police_bluebase_cvstrict_20260603/train_湘S6421警.jpg
/home/wzzz/LPRNet/datasets/police_bluebase_cvstrict_20260603/train_湘R8627警.jpg,湘R8627警,湘,18,train,/home/wzzz/LPRNet/datasets/police_bluebase_cvstrict_20260603/train_湘R8627警.jpg
/home/wzzz/LPRNet/datasets/police_bluebase_cvstrict_20260603/train_湘L3380警.jpg,湘L3380警,湘,18,train,/home/wzzz/LPRNet/datasets/police_bluebase_cvstrict_20260603/train_湘L3380警.jpg
/home/wzzz/LPRNet/datasets/police_bluebase_cvstrict_20260603/train_湘N4323警.jpg,湘N4323警,湘,18,train,/home/wzzz/LPRNet/datasets/police_bluebase_cvstrict_20260603/train_湘N4323警.jpg
/home/wzzz/LPRNet/datasets/police_bluebase_cvstrict_20260603/train_湘V4549警.jpg,湘V4549警,湘,18,train,/home/wzzz/LPRNet/datasets/police_bluebase_cvstrict_20260603/train_湘V4549警.jpg
/home/wzzz/LPRNet/datasets/police_bluebase_cvstrict_20260603/train_湘C0128警.jpg,湘C0128警,湘,18,train,/home/wzzz/LPRNet/datasets/police_bluebase_cvstrict_20260603/train_湘C0128警.jpg
/home/wzzz/LPRNet/datasets/police_bluebase_cvstrict_20260603/train_湘R7679警.jpg,湘R7679警,湘,18,train,/home/wzzz/LPRNet/datasets/police_bluebase_cvstrict_20260603/train_湘R7679警.jpg
/home/wzzz/LPRNet/datasets/police_bluebase_cvstrict_20260603/train_湘X5549警.jpg,湘X5549警,湘,18,train,/home/wzzz/LPRNet/datasets/police_bluebase_cvstrict_20260603/train_湘X5549警.jpg
/home/wzzz/LPRNet/datasets/police_bluebase_cvstrict_20260603/train_湘T1878警.jpg,湘T1878警,湘,18,train,/home/wzzz/LPRNet/datasets/police_bluebase_cvstrict_20260603/train_湘T1878警.jpg
/home/wzzz/LPRNet/datasets/police_bluebase_cvstrict_20260603/train_湘F3878警.jpg,湘F3878警,湘,18,train,/home/wzzz/LPRNet/datasets/police_bluebase_cvstrict_20260603/train_湘F3878警.jpg
/home/wzzz/LPRNet/datasets/police_bluebase_cvstrict_20260603/train_湘K2982警.jpg,湘K2982警,湘,18,train,/home/wzzz/LPRNet/datasets/police_bluebase_cvstrict_20260603/train_湘K2982警.jpg
/home/wzzz/LPRNet/datasets/police_bluebase_cvstrict_20260603/train_湘L7135警.jpg,湘L7135警,湘,18,train,/home/wzzz/LPRNet/datasets/police_bluebase_cvstrict_20260603/train_湘L7135警.jpg
/home/wzzz/LPRNet/datasets/police_bluebase_cvstrict_20260603/train_湘J3030警.jpg,湘J3030警,湘,18,train,/home/wzzz/LPRNet/datasets/police_bluebase_cvstrict_20260603/train_湘J3030警.jpg
/home/wzzz/LPRNet/datasets/police_bluebase_cvstrict_20260603/train_湘P6222警.jpg,湘P6222警,湘,18,train,/home/wzzz/LPRNet/datasets/police_bluebase_cvstrict_20260603/train_湘P6222警.jpg
/home/wzzz/LPRNet/datasets/police_bluebase_cvstrict_20260603/train_湘L6587警.jpg,湘L6587警,湘,18,train,/home/wzzz/LPRNet/datasets/police_bluebase_cvstrict_20260603/train_湘L6587警.jpg
/home/wzzz/LPRNet/datasets/police_bluebase_cvstrict_20260603/train_湘S6632警.jpg,湘S6632警,湘,18,train,/home/wzzz/LPRNet/datasets/police_bluebase_cvstrict_20260603/train_湘S6632警.jpg
/home/wzzz/LPRNet/datasets/police_bluebase_cvstrict_20260603/train_湘G0442警.jpg,湘G0442警,湘,18,train,/home/wzzz/LPRNet/datasets/police_bluebase_cvstrict_20260603/train_湘G0442警.jpg
/home/wzzz/LPRNet/datasets/police_bluebase_cvstrict_20260603/train_湘Y7327警.jpg,湘Y7327警,湘,18,train,/home/wzzz/LPRNet/datasets/police_bluebase_cvstrict_20260603/train_湘Y7327警.jpg
/home/wzzz/LPRNet/datasets/police_bluebase_cvstrict_20260603/train_湘J8547警.jpg,湘J8547警,湘,18,train,/home/wzzz/LPRNet/datasets/police_bluebase_cvstrict_20260603/train_湘J8547警.jpg
/home/wzzz/LPRNet/datasets/police_bluebase_cvstrict_20260603/train_粤S1991警.jpg,粤S1991警,粤,19,train,/home/wzzz/LPRNet/datasets/police_bluebase_cvstrict_20260603/train_粤S1991警.jpg
/home/wzzz/LPRNet/datasets/police_bluebase_cvstrict_20260603/train_粤U1034警.jpg,粤U1034警,粤,19,train,/home/wzzz/LPRNet/datasets/police_bluebase_cvstrict_20260603/train_粤U1034警.jpg
/home/wzzz/LPRNet/datasets/police_bluebase_cvstrict_20260603/train_粤X3224警.jpg,粤X3224警,粤,19,train,/home/wzzz/LPRNet/datasets/police_bluebase_cvstrict_20260603/train_粤X3224警.jpg
/home/wzzz/LPRNet/datasets/police_bluebase_cvstrict_20260603/train_粤R3463警.jpg,粤R3463警,粤,19,train,/home/wzzz/LPRNet/datasets/police_bluebase_cvstrict_20260603/train_粤R3463警.jpg
/home/wzzz/LPRNet/datasets/police_bluebase_cvstrict_20260603/train_粤R3739警.jpg,粤R3739警,粤,19,train,/home/wzzz/LPRNet/datasets/police_bluebase_cvstrict_20260603/train_粤R3739警.jpg
/home/wzzz/LPRNet/datasets/police_bluebase_cvstrict_20260603/train_粤B0373警.jpg,粤B0373警,粤,19,train,/home/wzzz/LPRNet/datasets/police_bluebase_cvstrict_20260603/train_粤B0373警.jpg
/home/wzzz/LPRNet/datasets/police_bluebase_cvstrict_20260603/train_粤V0945警.jpg,粤V0945警,粤,19,train,/home/wzzz/LPRNet/datasets/police_bluebase_cvstrict_20260603/train_粤V0945警.jpg
/home/wzzz/LPRNet/datasets/police_bluebase_cvstrict_20260603/train_粤D9437警.jpg,粤D9437警,粤,19,train,/home/wzzz/LPRNet/datasets/police_bluebase_cvstrict_20260603/train_粤D9437警.jpg
/home/wzzz/LPRNet/datasets/police_bluebase_cvstrict_20260603/train_粤M3767警.jpg,粤M3767警,粤,19,train,/home/wzzz/LPRNet/datasets/police_bluebase_cvstrict_20260603/train_粤M3767警.jpg
/home/wzzz/LPRNet/datasets/police_bluebase_cvstrict_20260603/train_粤M8178警.jpg,粤M8178警,粤,19,train,/home/wzzz/LPRNet/datasets/police_bluebase_cvstrict_20260603/train_粤M8178警.jpg
/home/wzzz/LPRNet/datasets/police_bluebase_cvstrict_20260603/train_粤E4014警.jpg,粤E4014警,粤,19,train,/home/wzzz/LPRNet/datasets/police_bluebase_cvstrict_20260603/train_粤E4014警.jpg
/home/wzzz/LPRNet/datasets/police_bluebase_cvstrict_20260603/train_粤E4593警.jpg,粤E4593警,粤,19,train,/home/wzzz/LPRNet/datasets/police_bluebase_cvstrict_20260603/train_粤E4593警.jpg
/home/wzzz/LPRNet/datasets/police_bluebase_cvstrict_20260603/train_粤C7408警.jpg,粤C7408警,粤,19,train,/home/wzzz/LPRNet/datasets/police_bluebase_cvstrict_20260603/train_粤C7408警.jpg
/home/wzzz/LPRNet/datasets/police_bluebase_cvstrict_20260603/train_粤Z2509警.jpg,粤Z2509警,粤,19,train,/home/wzzz/LPRNet/datasets/police_bluebase_cvstrict_20260603/train_粤Z2509警.jpg
/home/wzzz/LPRNet/datasets/police_bluebase_cvstrict_20260603/train_粤Q9266警.jpg,粤Q9266警,粤,19,train,/home/wzzz/LPRNet/datasets/police_bluebase_cvstrict_20260603/train_粤Q9266警.jpg
/home/wzzz/LPRNet/datasets/police_bluebase_cvstrict_20260603/train_粤G7797警.jpg,粤G7797警,粤,19,train,/home/wzzz/LPRNet/datasets/police_bluebase_cvstrict_20260603/train_粤G7797警.jpg
/home/wzzz/LPRNet/datasets/police_bluebase_cvstrict_20260603/train_粤E8852警.jpg,粤E8852警,粤,19,train,/home/wzzz/LPRNet/datasets/police_bluebase_cvstrict_20260603/train_粤E8852警.jpg
/home/wzzz/LPRNet/datasets/police_bluebase_cvstrict_20260603/train_粤Z0949警.jpg,粤Z0949警,粤,19,train,/home/wzzz/LPRNet/datasets/police_bluebase_cvstrict_20260603/train_粤Z0949警.jpg
/home/wzzz/LPRNet/datasets/police_bluebase_cvstrict_20260603/train_粤E6428警.jpg,粤E6428警,粤,19,train,/home/wzzz/LPRNet/datasets/police_bluebase_cvstrict_20260603/train_粤E6428警.jpg
/home/wzzz/LPRNet/datasets/police_bluebase_cvstrict_20260603/train_粤V0572警.jpg,粤V0572警,粤,19,train,/home/wzzz/LPRNet/datasets/police_bluebase_cvstrict_20260603/train_粤V0572警.jpg
/home/wzzz/LPRNet/datasets/police_bluebase_cvstrict_20260603/train_粤C3380警.jpg,粤C3380警,粤,19,train,/home/wzzz/LPRNet/datasets/police_bluebase_cvstrict_20260603/train_粤C3380警.jpg
/home/wzzz/LPRNet/datasets/police_bluebase_cvstrict_20260603/train_粤P3748警.jpg,粤P3748警,粤,19,train,/home/wzzz/LPRNet/datasets/police_bluebase_cvstrict_20260603/train_粤P3748警.jpg
/home/wzzz/LPRNet/datasets/police_bluebase_cvstrict_20260603/train_粤F7220警.jpg,粤F7220警,粤,19,train,/home/wzzz/LPRNet/datasets/police_bluebase_cvstrict_20260603/train_粤F7220警.jpg
/home/wzzz/LPRNet/datasets/police_bluebase_cvstrict_20260603/train_粤N7551警.jpg,粤N7551警,粤,19,train,/home/wzzz/LPRNet/datasets/police_bluebase_cvstrict_20260603/train_粤N7551警.jpg
/home/wzzz/LPRNet/datasets/police_bluebase_cvstrict_20260603/train_粤E6427警.jpg,粤E6427警,粤,19,train,/home/wzzz/LPRNet/datasets/police_bluebase_cvstrict_20260603/train_粤E6427警.jpg
/home/wzzz/LPRNet/datasets/police_bluebase_cvstrict_20260603/train_粤P3893警.jpg,粤P3893警,粤,19,train,/home/wzzz/LPRNet/datasets/police_bluebase_cvstrict_20260603/train_粤P3893警.jpg
/home/wzzz/LPRNet/datasets/police_bluebase_cvstrict_20260603/train_粤R1182警.jpg,粤R1182警,粤,19,train,/home/wzzz/LPRNet/datasets/police_bluebase_cvstrict_20260603/train_粤R1182警.jpg
/home/wzzz/LPRNet/datasets/police_bluebase_cvstrict_20260603/train_粤P1157警.jpg,粤P1157警,粤,19,train,/home/wzzz/LPRNet/datasets/police_bluebase_cvstrict_20260603/train_粤P1157警.jpg
/home/wzzz/LPRNet/datasets/police_bluebase_cvstrict_20260603/train_粤C8474警.jpg,粤C8474警,粤,19,train,/home/wzzz/LPRNet/datasets/police_bluebase_cvstrict_20260603/train_粤C8474警.jpg
/home/wzzz/LPRNet/datasets/police_bluebase_cvstrict_20260603/train_粤Q9426警.jpg,粤Q9426警,粤,19,train,/home/wzzz/LPRNet/datasets/police_bluebase_cvstrict_20260603/train_粤Q9426警.jpg
/home/wzzz/LPRNet/datasets/police_bluebase_cvstrict_20260603/train_粤G7996警.jpg,粤G7996警,粤,19,train,/home/wzzz/LPRNet/datasets/police_bluebase_cvstrict_20260603/train_粤G7996警.jpg
/home/wzzz/LPRNet/datasets/police_bluebase_cvstrict_20260603/train_粤W8955警.jpg,粤W8955警,粤,19,train,/home/wzzz/LPRNet/datasets/police_bluebase_cvstrict_20260603/train_粤W8955警.jpg
/home/wzzz/LPRNet/datasets/police_bluebase_cvstrict_20260603/train_粤E5751警.jpg,粤E5751警,粤,19,train,/home/wzzz/LPRNet/datasets/police_bluebase_cvstrict_20260603/train_粤E5751警.jpg
/home/wzzz/LPRNet/datasets/police_bluebase_cvstrict_20260603/train_粤T1913警.jpg,粤T1913警,粤,19,train,/home/wzzz/LPRNet/datasets/police_bluebase_cvstrict_20260603/train_粤T1913警.jpg
/home/wzzz/LPRNet/datasets/police_bluebase_cvstrict_20260603/train_粤Q1930警.jpg,粤Q1930警,粤,19,train,/home/wzzz/LPRNet/datasets/police_bluebase_cvstrict_20260603/train_粤Q1930警.jpg
/home/wzzz/LPRNet/datasets/police_bluebase_cvstrict_20260603/train_粤W5771警.jpg,粤W5771警,粤,19,train,/home/wzzz/LPRNet/datasets/police_bluebase_cvstrict_20260603/train_粤W5771警.jpg
/home/wzzz/LPRNet/datasets/police_bluebase_cvstrict_20260603/train_粤C5830警.jpg,粤C5830警,粤,19,train,/home/wzzz/LPRNet/datasets/police_bluebase_cvstrict_20260603/train_粤C5830警.jpg
/home/wzzz/LPRNet/datasets/police_bluebase_cvstrict_20260603/train_粤J5817警.jpg,粤J5817警,粤,19,train,/home/wzzz/LPRNet/datasets/police_bluebase_cvstrict_20260603/train_粤J5817警.jpg
/home/wzzz/LPRNet/datasets/police_bluebase_cvstrict_20260603/train_粤A4933警.jpg,粤A4933警,粤,19,train,/home/wzzz/LPRNet/datasets/police_bluebase_cvstrict_20260603/train_粤A4933警.jpg
/home/wzzz/LPRNet/datasets/police_bluebase_cvstrict_20260603/train_粤K6050警.jpg,粤K6050警,粤,19,train,/home/wzzz/LPRNet/datasets/police_bluebase_cvstrict_20260603/train_粤K6050警.jpg
/home/wzzz/LPRNet/datasets/police_bluebase_cvstrict_20260603/train_粤N2053警.jpg,粤N2053警,粤,19,train,/home/wzzz/LPRNet/datasets/police_bluebase_cvstrict_20260603/train_粤N2053警.jpg
/home/wzzz/LPRNet/datasets/police_bluebase_cvstrict_20260603/train_粤R2383警.jpg,粤R2383警,粤,19,train,/home/wzzz/LPRNet/datasets/police_bluebase_cvstrict_20260603/train_粤R2383警.jpg
/home/wzzz/LPRNet/datasets/police_bluebase_cvstrict_20260603/train_粤C5857警.jpg,粤C5857警,粤,19,train,/home/wzzz/LPRNet/datasets/police_bluebase_cvstrict_20260603/train_粤C5857警.jpg
/home/wzzz/LPRNet/datasets/police_bluebase_cvstrict_20260603/train_粤K6624警.jpg,粤K6624警,粤,19,train,/home/wzzz/LPRNet/datasets/police_bluebase_cvstrict_20260603/train_粤K6624警.jpg
/home/wzzz/LPRNet/datasets/police_bluebase_cvstrict_20260603/train_粤D2130警.jpg,粤D2130警,粤,19,train,/home/wzzz/LPRNet/datasets/police_bluebase_cvstrict_20260603/train_粤D2130警.jpg
/home/wzzz/LPRNet/datasets/police_bluebase_cvstrict_20260603/train_粤H4742警.jpg,粤H4742警,粤,19,train,/home/wzzz/LPRNet/datasets/police_bluebase_cvstrict_20260603/train_粤H4742警.jpg
/home/wzzz/LPRNet/datasets/police_bluebase_cvstrict_20260603/train_粤U5099警.jpg,粤U5099警,粤,19,train,/home/wzzz/LPRNet/datasets/police_bluebase_cvstrict_20260603/train_粤U5099警.jpg
/home/wzzz/LPRNet/datasets/police_bluebase_cvstrict_20260603/train_粤L4069警.jpg,粤L4069警,粤,19,train,/home/wzzz/LPRNet/datasets/police_bluebase_cvstrict_20260603/train_粤L4069警.jpg
/home/wzzz/LPRNet/datasets/police_bluebase_cvstrict_20260603/train_粤C9031警.jpg,粤C9031警,粤,19,train,/home/wzzz/LPRNet/datasets/police_bluebase_cvstrict_20260603/train_粤C9031警.jpg
/home/wzzz/LPRNet/datasets/police_bluebase_cvstrict_20260603/train_粤H9080警.jpg,粤H9080警,粤,19,train,/home/wzzz/LPRNet/datasets/police_bluebase_cvstrict_20260603/train_粤H9080警.jpg
/home/wzzz/LPRNet/datasets/police_bluebase_cvstrict_20260603/train_桂T7081警.jpg,桂T7081警,桂,20,train,/home/wzzz/LPRNet/datasets/police_bluebase_cvstrict_20260603/train_桂T7081警.jpg
/home/wzzz/LPRNet/datasets/police_bluebase_cvstrict_20260603/train_桂U9980警.jpg,桂U9980警,桂,20,train,/home/wzzz/LPRNet/datasets/police_bluebase_cvstrict_20260603/train_桂U9980警.jpg
/home/wzzz/LPRNet/datasets/police_bluebase_cvstrict_20260603/train_桂G7791警.jpg,桂G7791警,桂,20,train,/home/wzzz/LPRNet/datasets/police_bluebase_cvstrict_20260603/train_桂G7791警.jpg
/home/wzzz/LPRNet/datasets/police_bluebase_cvstrict_20260603/train_桂X7275警.jpg,桂X7275警,桂,20,train,/home/wzzz/LPRNet/datasets/police_bluebase_cvstrict_20260603/train_桂X7275警.jpg
/home/wzzz/LPRNet/datasets/police_bluebase_cvstrict_20260603/train_桂Z0717警.jpg,桂Z0717警,桂,20,train,/home/wzzz/LPRNet/datasets/police_bluebase_cvstrict_20260603/train_桂Z0717警.jpg
/home/wzzz/LPRNet/datasets/police_bluebase_cvstrict_20260603/train_桂W5964警.jpg,桂W5964警,桂,20,train,/home/wzzz/LPRNet/datasets/police_bluebase_cvstrict_20260603/train_桂W5964警.jpg
/home/wzzz/LPRNet/datasets/police_bluebase_cvstrict_20260603/train_桂A9575警.jpg,桂A9575警,桂,20,train,/home/wzzz/LPRNet/datasets/police_bluebase_cvstrict_20260603/train_桂A9575警.jpg
/home/wzzz/LPRNet/datasets/police_bluebase_cvstrict_20260603/train_桂Q4150警.jpg,桂Q4150警,桂,20,train,/home/wzzz/LPRNet/datasets/police_bluebase_cvstrict_20260603/train_桂Q4150警.jpg
/home/wzzz/LPRNet/datasets/police_bluebase_cvstrict_20260603/train_桂X8521警.jpg,桂X8521警,桂,20,train,/home/wzzz/LPRNet/datasets/police_bluebase_cvstrict_20260603/train_桂X8521警.jpg
/home/wzzz/LPRNet/datasets/police_bluebase_cvstrict_20260603/train_桂P9316警.jpg,桂P9316警,桂,20,train,/home/wzzz/LPRNet/datasets/police_bluebase_cvstrict_20260603/train_桂P9316警.jpg
/home/wzzz/LPRNet/datasets/police_bluebase_cvstrict_20260603/train_桂L3543警.jpg,桂L3543警,桂,20,train,/home/wzzz/LPRNet/datasets/police_bluebase_cvstrict_20260603/train_桂L3543警.jpg
/home/wzzz/LPRNet/datasets/police_bluebase_cvstrict_20260603/train_桂N5356警.jpg,桂N5356警,桂,20,train,/home/wzzz/LPRNet/datasets/police_bluebase_cvstrict_20260603/train_桂N5356警.jpg
/home/wzzz/LPRNet/datasets/police_bluebase_cvstrict_20260603/train_桂V2701警.jpg,桂V2701警,桂,20,train,/home/wzzz/LPRNet/datasets/police_bluebase_cvstrict_20260603/train_桂V2701警.jpg
/home/wzzz/LPRNet/datasets/police_bluebase_cvstrict_20260603/train_桂C6070警.jpg,桂C6070警,桂,20,train,/home/wzzz/LPRNet/datasets/police_bluebase_cvstrict_20260603/train_桂C6070警.jpg
/home/wzzz/LPRNet/datasets/police_bluebase_cvstrict_20260603/train_桂F5287警.jpg,桂F5287警,桂,20,train,/home/wzzz/LPRNet/datasets/police_bluebase_cvstrict_20260603/train_桂F5287警.jpg
/home/wzzz/LPRNet/datasets/police_bluebase_cvstrict_20260603/train_桂X1417警.jpg,桂X1417警,桂,20,train,/home/wzzz/LPRNet/datasets/police_bluebase_cvstrict_20260603/train_桂X1417警.jpg
/home/wzzz/LPRNet/datasets/police_bluebase_cvstrict_20260603/train_桂E9514警.jpg,桂E9514警,桂,20,train,/home/wzzz/LPRNet/datasets/police_bluebase_cvstrict_20260603/train_桂E9514警.jpg
/home/wzzz/LPRNet/datasets/police_bluebase_cvstrict_20260603/train_桂U7903警.jpg,桂U7903警,桂,20,train,/home/wzzz/LPRNet/datasets/police_bluebase_cvstrict_20260603/train_桂U7903警.jpg
/home/wzzz/LPRNet/datasets/police_bluebase_cvstrict_20260603/train_桂N4915警.jpg,桂N4915警,桂,20,train,/home/wzzz/LPRNet/datasets/police_bluebase_cvstrict_20260603/train_桂N4915警.jpg
/home/wzzz/LPRNet/datasets/police_bluebase_cvstrict_20260603/train_桂B4023警.jpg,桂B4023警,桂,20,train,/home/wzzz/LPRNet/datasets/police_bluebase_cvstrict_20260603/train_桂B4023警.jpg
/home/wzzz/LPRNet/datasets/police_bluebase_cvstrict_20260603/train_桂W2510警.jpg,桂W2510警,桂,20,train,/home/wzzz/LPRNet/datasets/police_bluebase_cvstrict_20260603/train_桂W2510警.jpg
/home/wzzz/LPRNet/datasets/police_bluebase_cvstrict_20260603/train_桂H4572警.jpg,桂H4572警,桂,20,train,/home/wzzz/LPRNet/datasets/police_bluebase_cvstrict_20260603/train_桂H4572警.jpg
/home/wzzz/LPRNet/datasets/police_bluebase_cvstrict_20260603/train_桂V5016警.jpg,桂V5016警,桂,20,train,/home/wzzz/LPRNet/datasets/police_bluebase_cvstrict_20260603/train_桂V5016警.jpg
/home/wzzz/LPRNet/datasets/police_bluebase_cvstrict_20260603/train_桂A3662警.jpg,桂A3662警,桂,20,train,/home/wzzz/LPRNet/datasets/police_bluebase_cvstrict_20260603/train_桂A3662警.jpg
/home/wzzz/LPRNet/datasets/police_bluebase_cvstrict_20260603/train_桂D9302警.jpg,桂D9302警,桂,20,train,/home/wzzz/LPRNet/datasets/police_bluebase_cvstrict_20260603/train_桂D9302警.jpg
/home/wzzz/LPRNet/datasets/police_bluebase_cvstrict_20260603/train_桂D5282警.jpg,桂D5282警,桂,20,train,/home/wzzz/LPRNet/datasets/police_bluebase_cvstrict_20260603/train_桂D5282警.jpg
/home/wzzz/LPRNet/datasets/police_bluebase_cvstrict_20260603/train_桂P9372警.jpg,桂P9372警,桂,20,train,/home/wzzz/LPRNet/datasets/police_bluebase_cvstrict_20260603/train_桂P9372警.jpg
/home/wzzz/LPRNet/datasets/police_bluebase_cvstrict_20260603/train_桂M0399警.jpg,桂M0399警,桂,20,train,/home/wzzz/LPRNet/datasets/police_bluebase_cvstrict_20260603/train_桂M0399警.jpg
/home/wzzz/LPRNet/datasets/police_bluebase_cvstrict_20260603/train_桂A6621警.jpg,桂A6621警,桂,20,train,/home/wzzz/LPRNet/datasets/police_bluebase_cvstrict_20260603/train_桂A6621警.jpg
/home/wzzz/LPRNet/datasets/police_bluebase_cvstrict_20260603/train_桂T5759警.jpg,桂T5759警,桂,20,train,/home/wzzz/LPRNet/datasets/police_bluebase_cvstrict_20260603/train_桂T5759警.jpg
/home/wzzz/LPRNet/datasets/police_bluebase_cvstrict_20260603/train_桂E2020警.jpg,桂E2020警,桂,20,train,/home/wzzz/LPRNet/datasets/police_bluebase_cvstrict_20260603/train_桂E2020警.jpg
/home/wzzz/LPRNet/datasets/police_bluebase_cvstrict_20260603/train_桂G2151警.jpg,桂G2151警,桂,20,train,/home/wzzz/LPRNet/datasets/police_bluebase_cvstrict_20260603/train_桂G2151警.jpg
/home/wzzz/LPRNet/datasets/police_bluebase_cvstrict_20260603/train_桂E2790警.jpg,桂E2790警,桂,20,train,/home/wzzz/LPRNet/datasets/police_bluebase_cvstrict_20260603/train_桂E2790警.jpg
/home/wzzz/LPRNet/datasets/police_bluebase_cvstrict_20260603/train_桂S3231警.jpg,桂S3231警,桂,20,train,/home/wzzz/LPRNet/datasets/police_bluebase_cvstrict_20260603/train_桂S3231警.jpg
/home/wzzz/LPRNet/datasets/police_bluebase_cvstrict_20260603/train_桂S8023警.jpg,桂S8023警,桂,20,train,/home/wzzz/LPRNet/datasets/police_bluebase_cvstrict_20260603/train_桂S8023警.jpg
/home/wzzz/LPRNet/datasets/police_bluebase_cvstrict_20260603/train_桂H6939警.jpg,桂H6939警,桂,20,train,/home/wzzz/LPRNet/datasets/police_bluebase_cvstrict_20260603/train_桂H6939警.jpg
/home/wzzz/LPRNet/datasets/police_bluebase_cvstrict_20260603/train_桂L0856警.jpg,桂L0856警,桂,20,train,/home/wzzz/LPRNet/datasets/police_bluebase_cvstrict_20260603/train_桂L0856警.jpg
/home/wzzz/LPRNet/datasets/police_bluebase_cvstrict_20260603/train_桂N5672警.jpg,桂N5672警,桂,20,train,/home/wzzz/LPRNet/datasets/police_bluebase_cvstrict_20260603/train_桂N5672警.jpg
/home/wzzz/LPRNet/datasets/police_bluebase_cvstrict_20260603/train_桂M0580警.jpg,桂M0580警,桂,20,train,/home/wzzz/LPRNet/datasets/police_bluebase_cvstrict_20260603/train_桂M0580警.jpg
/home/wzzz/LPRNet/datasets/police_bluebase_cvstrict_20260603/train_桂A2375警.jpg,桂A2375警,桂,20,train,/home/wzzz/LPRNet/datasets/police_bluebase_cvstrict_20260603/train_桂A2375警.jpg
/home/wzzz/LPRNet/datasets/police_bluebase_cvstrict_20260603/train_桂B0226警.jpg,桂B0226警,桂,20,train,/home/wzzz/LPRNet/datasets/police_bluebase_cvstrict_20260603/train_桂B0226警.jpg
/home/wzzz/LPRNet/datasets/police_bluebase_cvstrict_20260603/train_桂M8155警.jpg,桂M8155警,桂,20,train,/home/wzzz/LPRNet/datasets/police_bluebase_cvstrict_20260603/train_桂M8155警.jpg
/home/wzzz/LPRNet/datasets/police_bluebase_cvstrict_20260603/train_桂E5279警.jpg,桂E5279警,桂,20,train,/home/wzzz/LPRNet/datasets/police_bluebase_cvstrict_20260603/train_桂E5279警.jpg
/home/wzzz/LPRNet/datasets/police_bluebase_cvstrict_20260603/train_桂M4504警.jpg,桂M4504警,桂,20,train,/home/wzzz/LPRNet/datasets/police_bluebase_cvstrict_20260603/train_桂M4504警.jpg
/home/wzzz/LPRNet/datasets/police_bluebase_cvstrict_20260603/train_桂Z3974警.jpg,桂Z3974警,桂,20,train,/home/wzzz/LPRNet/datasets/police_bluebase_cvstrict_20260603/train_桂Z3974警.jpg
/home/wzzz/LPRNet/datasets/police_bluebase_cvstrict_20260603/train_桂M5741警.jpg,桂M5741警,桂,20,train,/home/wzzz/LPRNet/datasets/police_bluebase_cvstrict_20260603/train_桂M5741警.jpg
/home/wzzz/LPRNet/datasets/police_bluebase_cvstrict_20260603/train_桂Y4424警.jpg,桂Y4424警,桂,20,train,/home/wzzz/LPRNet/datasets/police_bluebase_cvstrict_20260603/train_桂Y4424警.jpg
/home/wzzz/LPRNet/datasets/police_bluebase_cvstrict_20260603/train_桂X6227警.jpg,桂X6227警,桂,20,train,/home/wzzz/LPRNet/datasets/police_bluebase_cvstrict_20260603/train_桂X6227警.jpg
/home/wzzz/LPRNet/datasets/police_bluebase_cvstrict_20260603/train_桂H2561警.jpg,桂H2561警,桂,20,train,/home/wzzz/LPRNet/datasets/police_bluebase_cvstrict_20260603/train_桂H2561警.jpg
/home/wzzz/LPRNet/datasets/police_bluebase_cvstrict_20260603/train_桂A1452警.jpg,桂A1452警,桂,20,train,/home/wzzz/LPRNet/datasets/police_bluebase_cvstrict_20260603/train_桂A1452警.jpg
/home/wzzz/LPRNet/datasets/police_bluebase_cvstrict_20260603/train_琼N8184警.jpg,琼N8184警,琼,21,train,/home/wzzz/LPRNet/datasets/police_bluebase_cvstrict_20260603/train_琼N8184警.jpg
/home/wzzz/LPRNet/datasets/police_bluebase_cvstrict_20260603/train_琼D9882警.jpg,琼D9882警,琼,21,train,/home/wzzz/LPRNet/datasets/police_bluebase_cvstrict_20260603/train_琼D9882警.jpg
/home/wzzz/LPRNet/datasets/police_bluebase_cvstrict_20260603/train_琼E9123警.jpg,琼E9123警,琼,21,train,/home/wzzz/LPRNet/datasets/police_bluebase_cvstrict_20260603/train_琼E9123警.jpg
/home/wzzz/LPRNet/datasets/police_bluebase_cvstrict_20260603/train_琼V5128警.jpg,琼V5128警,琼,21,train,/home/wzzz/LPRNet/datasets/police_bluebase_cvstrict_20260603/train_琼V5128警.jpg
/home/wzzz/LPRNet/datasets/police_bluebase_cvstrict_20260603/train_琼P7894警.jpg,琼P7894警,琼,21,train,/home/wzzz/LPRNet/datasets/police_bluebase_cvstrict_20260603/train_琼P7894警.jpg
/home/wzzz/LPRNet/datasets/police_bluebase_cvstrict_20260603/train_琼J6748警.jpg,琼J6748警,琼,21,train,/home/wzzz/LPRNet/datasets/police_bluebase_cvstrict_20260603/train_琼J6748警.jpg
/home/wzzz/LPRNet/datasets/police_bluebase_cvstrict_20260603/train_琼V8813警.jpg,琼V8813警,琼,21,train,/home/wzzz/LPRNet/datasets/police_bluebase_cvstrict_20260603/train_琼V8813警.jpg
/home/wzzz/LPRNet/datasets/police_bluebase_cvstrict_20260603/train_琼N1786警.jpg,琼N1786警,琼,21,train,/home/wzzz/LPRNet/datasets/police_bluebase_cvstrict_20260603/train_琼N1786警.jpg
/home/wzzz/LPRNet/datasets/police_bluebase_cvstrict_20260603/train_琼X4953警.jpg,琼X4953警,琼,21,train,/home/wzzz/LPRNet/datasets/police_bluebase_cvstrict_20260603/train_琼X4953警.jpg
/home/wzzz/LPRNet/datasets/police_bluebase_cvstrict_20260603/train_琼E4844警.jpg,琼E4844警,琼,21,train,/home/wzzz/LPRNet/datasets/police_bluebase_cvstrict_20260603/train_琼E4844警.jpg
/home/wzzz/LPRNet/datasets/police_bluebase_cvstrict_20260603/train_琼K7674警.jpg,琼K7674警,琼,21,train,/home/wzzz/LPRNet/datasets/police_bluebase_cvstrict_20260603/train_琼K7674警.jpg
/home/wzzz/LPRNet/datasets/police_bluebase_cvstrict_20260603/train_琼K7015警.jpg,琼K7015警,琼,21,train,/home/wzzz/LPRNet/datasets/police_bluebase_cvstrict_20260603/train_琼K7015警.jpg
/home/wzzz/LPRNet/datasets/police_bluebase_cvstrict_20260603/train_琼B6193警.jpg,琼B6193警,琼,21,train,/home/wzzz/LPRNet/datasets/police_bluebase_cvstrict_20260603/train_琼B6193警.jpg
/home/wzzz/LPRNet/datasets/police_bluebase_cvstrict_20260603/train_琼H9796警.jpg,琼H9796警,琼,21,train,/home/wzzz/LPRNet/datasets/police_bluebase_cvstrict_20260603/train_琼H9796警.jpg
/home/wzzz/LPRNet/datasets/police_bluebase_cvstrict_20260603/train_琼D6500警.jpg,琼D6500警,琼,21,train,/home/wzzz/LPRNet/datasets/police_bluebase_cvstrict_20260603/train_琼D6500警.jpg
/home/wzzz/LPRNet/datasets/police_bluebase_cvstrict_20260603/train_琼S8390警.jpg,琼S8390警,琼,21,train,/home/wzzz/LPRNet/datasets/police_bluebase_cvstrict_20260603/train_琼S8390警.jpg
/home/wzzz/LPRNet/datasets/police_bluebase_cvstrict_20260603/train_琼V3335警.jpg,琼V3335警,琼,21,train,/home/wzzz/LPRNet/datasets/police_bluebase_cvstrict_20260603/train_琼V3335警.jpg
/home/wzzz/LPRNet/datasets/police_bluebase_cvstrict_20260603/train_琼B4338警.jpg,琼B4338警,琼,21,train,/home/wzzz/LPRNet/datasets/police_bluebase_cvstrict_20260603/train_琼B4338警.jpg
/home/wzzz/LPRNet/datasets/police_bluebase_cvstrict_20260603/train_琼P5639警.jpg,琼P5639警,琼,21,train,/home/wzzz/LPRNet/datasets/police_bluebase_cvstrict_20260603/train_琼P5639警.jpg
/home/wzzz/LPRNet/datasets/police_bluebase_cvstrict_20260603/train_琼U2162警.jpg,琼U2162警,琼,21,train,/home/wzzz/LPRNet/datasets/police_bluebase_cvstrict_20260603/train_琼U2162警.jpg
/home/wzzz/LPRNet/datasets/police_bluebase_cvstrict_20260603/train_琼N1972警.jpg,琼N1972警,琼,21,train,/home/wzzz/LPRNet/datasets/police_bluebase_cvstrict_20260603/train_琼N1972警.jpg
/home/wzzz/LPRNet/datasets/police_bluebase_cvstrict_20260603/train_琼J7919警.jpg,琼J7919警,琼,21,train,/home/wzzz/LPRNet/datasets/police_bluebase_cvstrict_20260603/train_琼J7919警.jpg
/home/wzzz/LPRNet/datasets/police_bluebase_cvstrict_20260603/train_琼L3301警.jpg,琼L3301警,琼,21,train,/home/wzzz/LPRNet/datasets/police_bluebase_cvstrict_20260603/train_琼L3301警.jpg
/home/wzzz/LPRNet/datasets/police_bluebase_cvstrict_20260603/train_琼B7584警.jpg,琼B7584警,琼,21,train,/home/wzzz/LPRNet/datasets/police_bluebase_cvstrict_20260603/train_琼B7584警.jpg
/home/wzzz/LPRNet/datasets/police_bluebase_cvstrict_20260603/train_琼D9766警.jpg,琼D9766警,琼,21,train,/home/wzzz/LPRNet/datasets/police_bluebase_cvstrict_20260603/train_琼D9766警.jpg
/home/wzzz/LPRNet/datasets/police_bluebase_cvstrict_20260603/train_琼N9230警.jpg,琼N9230警,琼,21,train,/home/wzzz/LPRNet/datasets/police_bluebase_cvstrict_20260603/train_琼N9230警.jpg
/home/wzzz/LPRNet/datasets/police_bluebase_cvstrict_20260603/train_琼Q7561警.jpg,琼Q7561警,琼,21,train,/home/wzzz/LPRNet/datasets/police_bluebase_cvstrict_20260603/train_琼Q7561警.jpg
/home/wzzz/LPRNet/datasets/police_bluebase_cvstrict_20260603/train_琼Z2189警.jpg,琼Z2189警,琼,21,train,/home/wzzz/LPRNet/datasets/police_bluebase_cvstrict_20260603/train_琼Z2189警.jpg
/home/wzzz/LPRNet/datasets/police_bluebase_cvstrict_20260603/train_琼H5642警.jpg,琼H5642警,琼,21,train,/home/wzzz/LPRNet/datasets/police_bluebase_cvstrict_20260603/train_琼H5642警.jpg
/home/wzzz/LPRNet/datasets/police_bluebase_cvstrict_20260603/train_琼A9485警.jpg,琼A9485警,琼,21,train,/home/wzzz/LPRNet/datasets/police_bluebase_cvstrict_20260603/train_琼A9485警.jpg
/home/wzzz/LPRNet/datasets/police_bluebase_cvstrict_20260603/train_琼M3480警.jpg,琼M3480警,琼,21,train,/home/wzzz/LPRNet/datasets/police_bluebase_cvstrict_20260603/train_琼M3480警.jpg
/home/wzzz/LPRNet/datasets/police_bluebase_cvstrict_20260603/train_琼G4231警.jpg,琼G4231警,琼,21,train,/home/wzzz/LPRNet/datasets/police_bluebase_cvstrict_20260603/train_琼G4231警.jpg
/home/wzzz/LPRNet/datasets/police_bluebase_cvstrict_20260603/train_琼B8032警.jpg,琼B8032警,琼,21,train,/home/wzzz/LPRNet/datasets/police_bluebase_cvstrict_20260603/train_琼B8032警.jpg
/home/wzzz/LPRNet/datasets/police_bluebase_cvstrict_20260603/train_琼Z9932警.jpg,琼Z9932警,琼,21,train,/home/wzzz/LPRNet/datasets/police_bluebase_cvstrict_20260603/train_琼Z9932警.jpg
/home/wzzz/LPRNet/datasets/police_bluebase_cvstrict_20260603/train_琼L5747警.jpg,琼L5747警,琼,21,train,/home/wzzz/LPRNet/datasets/police_bluebase_cvstrict_20260603/train_琼L5747警.jpg
/home/wzzz/LPRNet/datasets/police_bluebase_cvstrict_20260603/train_琼N9511警.jpg,琼N9511警,琼,21,train,/home/wzzz/LPRNet/datasets/police_bluebase_cvstrict_20260603/train_琼N9511警.jpg
/home/wzzz/LPRNet/datasets/police_bluebase_cvstrict_20260603/train_琼A0391警.jpg,琼A0391警,琼,21,train,/home/wzzz/LPRNet/datasets/police_bluebase_cvstrict_20260603/train_琼A0391警.jpg
/home/wzzz/LPRNet/datasets/police_bluebase_cvstrict_20260603/train_琼F5322警.jpg,琼F5322警,琼,21,train,/home/wzzz/LPRNet/datasets/police_bluebase_cvstrict_20260603/train_琼F5322警.jpg
/home/wzzz/LPRNet/datasets/police_bluebase_cvstrict_20260603/train_琼E5622警.jpg,琼E5622警,琼,21,train,/home/wzzz/LPRNet/datasets/police_bluebase_cvstrict_20260603/train_琼E5622警.jpg
/home/wzzz/LPRNet/datasets/police_bluebase_cvstrict_20260603/train_琼R0413警.jpg,琼R0413警,琼,21,train,/home/wzzz/LPRNet/datasets/police_bluebase_cvstrict_20260603/train_琼R0413警.jpg
/home/wzzz/LPRNet/datasets/police_bluebase_cvstrict_20260603/train_琼B8061警.jpg,琼B8061警,琼,21,train,/home/wzzz/LPRNet/datasets/police_bluebase_cvstrict_20260603/train_琼B8061警.jpg
/home/wzzz/LPRNet/datasets/police_bluebase_cvstrict_20260603/train_琼U5268警.jpg,琼U5268警,琼,21,train,/home/wzzz/LPRNet/datasets/police_bluebase_cvstrict_20260603/train_琼U5268警.jpg
/home/wzzz/LPRNet/datasets/police_bluebase_cvstrict_20260603/train_琼B0590警.jpg,琼B0590警,琼,21,train,/home/wzzz/LPRNet/datasets/police_bluebase_cvstrict_20260603/train_琼B0590警.jpg
/home/wzzz/LPRNet/datasets/police_bluebase_cvstrict_20260603/train_琼W5072警.jpg,琼W5072警,琼,21,train,/home/wzzz/LPRNet/datasets/police_bluebase_cvstrict_20260603/train_琼W5072警.jpg
/home/wzzz/LPRNet/datasets/police_bluebase_cvstrict_20260603/train_琼U7240警.jpg,琼U7240警,琼,21,train,/home/wzzz/LPRNet/datasets/police_bluebase_cvstrict_20260603/train_琼U7240警.jpg
/home/wzzz/LPRNet/datasets/police_bluebase_cvstrict_20260603/train_琼N4518警.jpg,琼N4518警,琼,21,train,/home/wzzz/LPRNet/datasets/police_bluebase_cvstrict_20260603/train_琼N4518警.jpg
/home/wzzz/LPRNet/datasets/police_bluebase_cvstrict_20260603/train_琼Q5004警.jpg,琼Q5004警,琼,21,train,/home/wzzz/LPRNet/datasets/police_bluebase_cvstrict_20260603/train_琼Q5004警.jpg
/home/wzzz/LPRNet/datasets/police_bluebase_cvstrict_20260603/train_琼W3664警.jpg,琼W3664警,琼,21,train,/home/wzzz/LPRNet/datasets/police_bluebase_cvstrict_20260603/train_琼W3664警.jpg
/home/wzzz/LPRNet/datasets/police_bluebase_cvstrict_20260603/train_琼C2930警.jpg,琼C2930警,琼,21,train,/home/wzzz/LPRNet/datasets/police_bluebase_cvstrict_20260603/train_琼C2930警.jpg
/home/wzzz/LPRNet/datasets/police_bluebase_cvstrict_20260603/train_琼A3593警.jpg,琼A3593警,琼,21,train,/home/wzzz/LPRNet/datasets/police_bluebase_cvstrict_20260603/train_琼A3593警.jpg
/home/wzzz/LPRNet/datasets/police_bluebase_cvstrict_20260603/train_川N9935警.jpg,川N9935警,川,22,train,/home/wzzz/LPRNet/datasets/police_bluebase_cvstrict_20260603/train_川N9935警.jpg
/home/wzzz/LPRNet/datasets/police_bluebase_cvstrict_20260603/train_川H0465警.jpg,川H0465警,川,22,train,/home/wzzz/LPRNet/datasets/police_bluebase_cvstrict_20260603/train_川H0465警.jpg
/home/wzzz/LPRNet/datasets/police_bluebase_cvstrict_20260603/train_川S5448警.jpg,川S5448警,川,22,train,/home/wzzz/LPRNet/datasets/police_bluebase_cvstrict_20260603/train_川S5448警.jpg
/home/wzzz/LPRNet/datasets/police_bluebase_cvstrict_20260603/train_川B0803警.jpg,川B0803警,川,22,train,/home/wzzz/LPRNet/datasets/police_bluebase_cvstrict_20260603/train_川B0803警.jpg
/home/wzzz/LPRNet/datasets/police_bluebase_cvstrict_20260603/train_川V5248警.jpg,川V5248警,川,22,train,/home/wzzz/LPRNet/datasets/police_bluebase_cvstrict_20260603/train_川V5248警.jpg
/home/wzzz/LPRNet/datasets/police_bluebase_cvstrict_20260603/train_川K3167警.jpg,川K3167警,川,22,train,/home/wzzz/LPRNet/datasets/police_bluebase_cvstrict_20260603/train_川K3167警.jpg
/home/wzzz/LPRNet/datasets/police_bluebase_cvstrict_20260603/train_川T3061警.jpg,川T3061警,川,22,train,/home/wzzz/LPRNet/datasets/police_bluebase_cvstrict_20260603/train_川T3061警.jpg
/home/wzzz/LPRNet/datasets/police_bluebase_cvstrict_20260603/train_川P4283警.jpg,川P4283警,川,22,train,/home/wzzz/LPRNet/datasets/police_bluebase_cvstrict_20260603/train_川P4283警.jpg
/home/wzzz/LPRNet/datasets/police_bluebase_cvstrict_20260603/train_川X4207警.jpg,川X4207警,川,22,train,/home/wzzz/LPRNet/datasets/police_bluebase_cvstrict_20260603/train_川X4207警.jpg
/home/wzzz/LPRNet/datasets/police_bluebase_cvstrict_20260603/train_川V5945警.jpg,川V5945警,川,22,train,/home/wzzz/LPRNet/datasets/police_bluebase_cvstrict_20260603/train_川V5945警.jpg
/home/wzzz/LPRNet/datasets/police_bluebase_cvstrict_20260603/train_川N0768警.jpg,川N0768警,川,22,train,/home/wzzz/LPRNet/datasets/police_bluebase_cvstrict_20260603/train_川N0768警.jpg
/home/wzzz/LPRNet/datasets/police_bluebase_cvstrict_20260603/train_川E0962警.jpg,川E0962警,川,22,train,/home/wzzz/LPRNet/datasets/police_bluebase_cvstrict_20260603/train_川E0962警.jpg
/home/wzzz/LPRNet/datasets/police_bluebase_cvstrict_20260603/train_川U8257警.jpg,川U8257警,川,22,train,/home/wzzz/LPRNet/datasets/police_bluebase_cvstrict_20260603/train_川U8257警.jpg
/home/wzzz/LPRNet/datasets/police_bluebase_cvstrict_20260603/train_川R9668警.jpg,川R9668警,川,22,train,/home/wzzz/LPRNet/datasets/police_bluebase_cvstrict_20260603/train_川R9668警.jpg
/home/wzzz/LPRNet/datasets/police_bluebase_cvstrict_20260603/train_川A5303警.jpg,川A5303警,川,22,train,/home/wzzz/LPRNet/datasets/police_bluebase_cvstrict_20260603/train_川A5303警.jpg
/home/wzzz/LPRNet/datasets/police_bluebase_cvstrict_20260603/train_川U1733警.jpg,川U1733警,川,22,train,/home/wzzz/LPRNet/datasets/police_bluebase_cvstrict_20260603/train_川U1733警.jpg
/home/wzzz/LPRNet/datasets/police_bluebase_cvstrict_20260603/train_川A0150警.jpg,川A0150警,川,22,train,/home/wzzz/LPRNet/datasets/police_bluebase_cvstrict_20260603/train_川A0150警.jpg
/home/wzzz/LPRNet/datasets/police_bluebase_cvstrict_20260603/train_川U5592警.jpg,川U5592警,川,22,train,/home/wzzz/LPRNet/datasets/police_bluebase_cvstrict_20260603/train_川U5592警.jpg
/home/wzzz/LPRNet/datasets/police_bluebase_cvstrict_20260603/train_川N0507警.jpg,川N0507警,川,22,train,/home/wzzz/LPRNet/datasets/police_bluebase_cvstrict_20260603/train_川N0507警.jpg
/home/wzzz/LPRNet/datasets/police_bluebase_cvstrict_20260603/train_川L5280警.jpg,川L5280警,川,22,train,/home/wzzz/LPRNet/datasets/police_bluebase_cvstrict_20260603/train_川L5280警.jpg
/home/wzzz/LPRNet/datasets/police_bluebase_cvstrict_20260603/train_川B3267警.jpg,川B3267警,川,22,train,/home/wzzz/LPRNet/datasets/police_bluebase_cvstrict_20260603/train_川B3267警.jpg
/home/wzzz/LPRNet/datasets/police_bluebase_cvstrict_20260603/train_川Q8594警.jpg,川Q8594警,川,22,train,/home/wzzz/LPRNet/datasets/police_bluebase_cvstrict_20260603/train_川Q8594警.jpg
/home/wzzz/LPRNet/datasets/police_bluebase_cvstrict_20260603/train_川Y0981警.jpg,川Y0981警,川,22,train,/home/wzzz/LPRNet/datasets/police_bluebase_cvstrict_20260603/train_川Y0981警.jpg
/home/wzzz/LPRNet/datasets/police_bluebase_cvstrict_20260603/train_川N1853警.jpg,川N1853警,川,22,train,/home/wzzz/LPRNet/datasets/police_bluebase_cvstrict_20260603/train_川N1853警.jpg
/home/wzzz/LPRNet/datasets/police_bluebase_cvstrict_20260603/train_川Q5095警.jpg,川Q5095警,川,22,train,/home/wzzz/LPRNet/datasets/police_bluebase_cvstrict_20260603/train_川Q5095警.jpg
/home/wzzz/LPRNet/datasets/police_bluebase_cvstrict_20260603/train_川B0698警.jpg,川B0698警,川,22,train,/home/wzzz/LPRNet/datasets/police_bluebase_cvstrict_20260603/train_川B0698警.jpg
/home/wzzz/LPRNet/datasets/police_bluebase_cvstrict_20260603/train_川L0480警.jpg,川L0480警,川,22,train,/home/wzzz/LPRNet/datasets/police_bluebase_cvstrict_20260603/train_川L0480警.jpg
/home/wzzz/LPRNet/datasets/police_bluebase_cvstrict_20260603/train_川E7883警.jpg,川E7883警,川,22,train,/home/wzzz/LPRNet/datasets/police_bluebase_cvstrict_20260603/train_川E7883警.jpg
/home/wzzz/LPRNet/datasets/police_bluebase_cvstrict_20260603/train_川K4289警.jpg,川K4289警,川,22,train,/home/wzzz/LPRNet/datasets/police_bluebase_cvstrict_20260603/train_川K4289警.jpg
/home/wzzz/LPRNet/datasets/police_bluebase_cvstrict_20260603/train_川L5108警.jpg,川L5108警,川,22,train,/home/wzzz/LPRNet/datasets/police_bluebase_cvstrict_20260603/train_川L5108警.jpg
/home/wzzz/LPRNet/datasets/police_bluebase_cvstrict_20260603/train_川R0441警.jpg,川R0441警,川,22,train,/home/wzzz/LPRNet/datasets/police_bluebase_cvstrict_20260603/train_川R0441警.jpg
/home/wzzz/LPRNet/datasets/police_bluebase_cvstrict_20260603/train_川U5602警.jpg,川U5602警,川,22,train,/home/wzzz/LPRNet/datasets/police_bluebase_cvstrict_20260603/train_川U5602警.jpg
/home/wzzz/LPRNet/datasets/police_bluebase_cvstrict_20260603/train_川A6588警.jpg,川A6588警,川,22,train,/home/wzzz/LPRNet/datasets/police_bluebase_cvstrict_20260603/train_川A6588警.jpg
/home/wzzz/LPRNet/datasets/police_bluebase_cvstrict_20260603/train_川L5705警.jpg,川L5705警,川,22,train,/home/wzzz/LPRNet/datasets/police_bluebase_cvstrict_20260603/train_川L5705警.jpg
/home/wzzz/LPRNet/datasets/police_bluebase_cvstrict_20260603/train_川R8176警.jpg,川R8176警,川,22,train,/home/wzzz/LPRNet/datasets/police_bluebase_cvstrict_20260603/train_川R8176警.jpg
/home/wzzz/LPRNet/datasets/police_bluebase_cvstrict_20260603/train_川E7248警.jpg,川E7248警,川,22,train,/home/wzzz/LPRNet/datasets/police_bluebase_cvstrict_20260603/train_川E7248警.jpg
/home/wzzz/LPRNet/datasets/police_bluebase_cvstrict_20260603/train_川B5950警.jpg,川B5950警,川,22,train,/home/wzzz/LPRNet/datasets/police_bluebase_cvstrict_20260603/train_川B5950警.jpg
/home/wzzz/LPRNet/datasets/police_bluebase_cvstrict_20260603/train_川K6843警.jpg,川K6843警,川,22,train,/home/wzzz/LPRNet/datasets/police_bluebase_cvstrict_20260603/train_川K6843警.jpg
/home/wzzz/LPRNet/datasets/police_bluebase_cvstrict_20260603/train_川P8153警.jpg,川P8153警,川,22,train,/home/wzzz/LPRNet/datasets/police_bluebase_cvstrict_20260603/train_川P8153警.jpg
/home/wzzz/LPRNet/datasets/police_bluebase_cvstrict_20260603/train_川T8890警.jpg,川T8890警,川,22,train,/home/wzzz/LPRNet/datasets/police_bluebase_cvstrict_20260603/train_川T8890警.jpg
/home/wzzz/LPRNet/datasets/police_bluebase_cvstrict_20260603/train_川F2213警.jpg,川F2213警,川,22,train,/home/wzzz/LPRNet/datasets/police_bluebase_cvstrict_20260603/train_川F2213警.jpg
/home/wzzz/LPRNet/datasets/police_bluebase_cvstrict_20260603/train_川T8747警.jpg,川T8747警,川,22,train,/home/wzzz/LPRNet/datasets/police_bluebase_cvstrict_20260603/train_川T8747警.jpg
/home/wzzz/LPRNet/datasets/police_bluebase_cvstrict_20260603/train_川W5452警.jpg,川W5452警,川,22,train,/home/wzzz/LPRNet/datasets/police_bluebase_cvstrict_20260603/train_川W5452警.jpg
/home/wzzz/LPRNet/datasets/police_bluebase_cvstrict_20260603/train_川V6512警.jpg,川V6512警,川,22,train,/home/wzzz/LPRNet/datasets/police_bluebase_cvstrict_20260603/train_川V6512警.jpg
/home/wzzz/LPRNet/datasets/police_bluebase_cvstrict_20260603/train_川U7642警.jpg,川U7642警,川,22,train,/home/wzzz/LPRNet/datasets/police_bluebase_cvstrict_20260603/train_川U7642警.jpg
/home/wzzz/LPRNet/datasets/police_bluebase_cvstrict_20260603/train_川P9496警.jpg,川P9496警,川,22,train,/home/wzzz/LPRNet/datasets/police_bluebase_cvstrict_20260603/train_川P9496警.jpg
/home/wzzz/LPRNet/datasets/police_bluebase_cvstrict_20260603/train_川W9864警.jpg,川W9864警,川,22,train,/home/wzzz/LPRNet/datasets/police_bluebase_cvstrict_20260603/train_川W9864警.jpg
/home/wzzz/LPRNet/datasets/police_bluebase_cvstrict_20260603/train_川W9804警.jpg,川W9804警,川,22,train,/home/wzzz/LPRNet/datasets/police_bluebase_cvstrict_20260603/train_川W9804警.jpg
/home/wzzz/LPRNet/datasets/police_bluebase_cvstrict_20260603/train_川G7432警.jpg,川G7432警,川,22,train,/home/wzzz/LPRNet/datasets/police_bluebase_cvstrict_20260603/train_川G7432警.jpg
/home/wzzz/LPRNet/datasets/police_bluebase_cvstrict_20260603/train_川U5150警.jpg,川U5150警,川,22,train,/home/wzzz/LPRNet/datasets/police_bluebase_cvstrict_20260603/train_川U5150警.jpg
/home/wzzz/LPRNet/datasets/police_bluebase_cvstrict_20260603/train_贵S8426警.jpg,贵S8426警,贵,23,train,/home/wzzz/LPRNet/datasets/police_bluebase_cvstrict_20260603/train_贵S8426警.jpg
/home/wzzz/LPRNet/datasets/police_bluebase_cvstrict_20260603/train_贵E4032警.jpg,贵E4032警,贵,23,train,/home/wzzz/LPRNet/datasets/police_bluebase_cvstrict_20260603/train_贵E4032警.jpg
/home/wzzz/LPRNet/datasets/police_bluebase_cvstrict_20260603/train_贵E9933警.jpg,贵E9933警,贵,23,train,/home/wzzz/LPRNet/datasets/police_bluebase_cvstrict_20260603/train_贵E9933警.jpg
/home/wzzz/LPRNet/datasets/police_bluebase_cvstrict_20260603/train_贵R4418警.jpg,贵R4418警,贵,23,train,/home/wzzz/LPRNet/datasets/police_bluebase_cvstrict_20260603/train_贵R4418警.jpg
/home/wzzz/LPRNet/datasets/police_bluebase_cvstrict_20260603/train_贵E8908警.jpg,贵E8908警,贵,23,train,/home/wzzz/LPRNet/datasets/police_bluebase_cvstrict_20260603/train_贵E8908警.jpg
/home/wzzz/LPRNet/datasets/police_bluebase_cvstrict_20260603/train_贵S3936警.jpg,贵S3936警,贵,23,train,/home/wzzz/LPRNet/datasets/police_bluebase_cvstrict_20260603/train_贵S3936警.jpg
/home/wzzz/LPRNet/datasets/police_bluebase_cvstrict_20260603/train_贵Z9147警.jpg,贵Z9147警,贵,23,train,/home/wzzz/LPRNet/datasets/police_bluebase_cvstrict_20260603/train_贵Z9147警.jpg
/home/wzzz/LPRNet/datasets/police_bluebase_cvstrict_20260603/train_贵T4223警.jpg,贵T4223警,贵,23,train,/home/wzzz/LPRNet/datasets/police_bluebase_cvstrict_20260603/train_贵T4223警.jpg
/home/wzzz/LPRNet/datasets/police_bluebase_cvstrict_20260603/train_贵C9803警.jpg,贵C9803警,贵,23,train,/home/wzzz/LPRNet/datasets/police_bluebase_cvstrict_20260603/train_贵C9803警.jpg
/home/wzzz/LPRNet/datasets/police_bluebase_cvstrict_20260603/train_贵A5073警.jpg,贵A5073警,贵,23,train,/home/wzzz/LPRNet/datasets/police_bluebase_cvstrict_20260603/train_贵A5073警.jpg
/home/wzzz/LPRNet/datasets/police_bluebase_cvstrict_20260603/train_贵C7338警.jpg,贵C7338警,贵,23,train,/home/wzzz/LPRNet/datasets/police_bluebase_cvstrict_20260603/train_贵C7338警.jpg
/home/wzzz/LPRNet/datasets/police_bluebase_cvstrict_20260603/train_贵B4612警.jpg,贵B4612警,贵,23,train,/home/wzzz/LPRNet/datasets/police_bluebase_cvstrict_20260603/train_贵B4612警.jpg
/home/wzzz/LPRNet/datasets/police_bluebase_cvstrict_20260603/train_贵D7714警.jpg,贵D7714警,贵,23,train,/home/wzzz/LPRNet/datasets/police_bluebase_cvstrict_20260603/train_贵D7714警.jpg
/home/wzzz/LPRNet/datasets/police_bluebase_cvstrict_20260603/train_贵R6438警.jpg,贵R6438警,贵,23,train,/home/wzzz/LPRNet/datasets/police_bluebase_cvstrict_20260603/train_贵R6438警.jpg
/home/wzzz/LPRNet/datasets/police_bluebase_cvstrict_20260603/train_贵W3410警.jpg,贵W3410警,贵,23,train,/home/wzzz/LPRNet/datasets/police_bluebase_cvstrict_20260603/train_贵W3410警.jpg
/home/wzzz/LPRNet/datasets/police_bluebase_cvstrict_20260603/train_贵B4490警.jpg,贵B4490警,贵,23,train,/home/wzzz/LPRNet/datasets/police_bluebase_cvstrict_20260603/train_贵B4490警.jpg
/home/wzzz/LPRNet/datasets/police_bluebase_cvstrict_20260603/train_贵S6944警.jpg,贵S6944警,贵,23,train,/home/wzzz/LPRNet/datasets/police_bluebase_cvstrict_20260603/train_贵S6944警.jpg
/home/wzzz/LPRNet/datasets/police_bluebase_cvstrict_20260603/train_贵Z2106警.jpg,贵Z2106警,贵,23,train,/home/wzzz/LPRNet/datasets/police_bluebase_cvstrict_20260603/train_贵Z2106警.jpg
/home/wzzz/LPRNet/datasets/police_bluebase_cvstrict_20260603/train_贵X4934警.jpg,贵X4934警,贵,23,train,/home/wzzz/LPRNet/datasets/police_bluebase_cvstrict_20260603/train_贵X4934警.jpg
/home/wzzz/LPRNet/datasets/police_bluebase_cvstrict_20260603/train_贵F1431警.jpg,贵F1431警,贵,23,train,/home/wzzz/LPRNet/datasets/police_bluebase_cvstrict_20260603/train_贵F1431警.jpg
/home/wzzz/LPRNet/datasets/police_bluebase_cvstrict_20260603/train_贵Q0629警.jpg,贵Q0629警,贵,23,train,/home/wzzz/LPRNet/datasets/police_bluebase_cvstrict_20260603/train_贵Q0629警.jpg
/home/wzzz/LPRNet/datasets/police_bluebase_cvstrict_20260603/train_贵T8145警.jpg,贵T8145警,贵,23,train,/home/wzzz/LPRNet/datasets/police_bluebase_cvstrict_20260603/train_贵T8145警.jpg
/home/wzzz/LPRNet/datasets/police_bluebase_cvstrict_20260603/train_贵X3968警.jpg,贵X3968警,贵,23,train,/home/wzzz/LPRNet/datasets/police_bluebase_cvstrict_20260603/train_贵X3968警.jpg
/home/wzzz/LPRNet/datasets/police_bluebase_cvstrict_20260603/train_贵N9338警.jpg,贵N9338警,贵,23,train,/home/wzzz/LPRNet/datasets/police_bluebase_cvstrict_20260603/train_贵N9338警.jpg
/home/wzzz/LPRNet/datasets/police_bluebase_cvstrict_20260603/train_贵L2608警.jpg,贵L2608警,贵,23,train,/home/wzzz/LPRNet/datasets/police_bluebase_cvstrict_20260603/train_贵L2608警.jpg
/home/wzzz/LPRNet/datasets/police_bluebase_cvstrict_20260603/train_贵E3942警.jpg,贵E3942警,贵,23,train,/home/wzzz/LPRNet/datasets/police_bluebase_cvstrict_20260603/train_贵E3942警.jpg
/home/wzzz/LPRNet/datasets/police_bluebase_cvstrict_20260603/train_贵S1491警.jpg,贵S1491警,贵,23,train,/home/wzzz/LPRNet/datasets/police_bluebase_cvstrict_20260603/train_贵S1491警.jpg
/home/wzzz/LPRNet/datasets/police_bluebase_cvstrict_20260603/train_贵B8794警.jpg,贵B8794警,贵,23,train,/home/wzzz/LPRNet/datasets/police_bluebase_cvstrict_20260603/train_贵B8794警.jpg
/home/wzzz/LPRNet/datasets/police_bluebase_cvstrict_20260603/train_贵Q4132警.jpg,贵Q4132警,贵,23,train,/home/wzzz/LPRNet/datasets/police_bluebase_cvstrict_20260603/train_贵Q4132警.jpg
/home/wzzz/LPRNet/datasets/police_bluebase_cvstrict_20260603/train_贵K6362警.jpg,贵K6362警,贵,23,train,/home/wzzz/LPRNet/datasets/police_bluebase_cvstrict_20260603/train_贵K6362警.jpg
/home/wzzz/LPRNet/datasets/police_bluebase_cvstrict_20260603/train_贵R5404警.jpg,贵R5404警,贵,23,train,/home/wzzz/LPRNet/datasets/police_bluebase_cvstrict_20260603/train_贵R5404警.jpg
/home/wzzz/LPRNet/datasets/police_bluebase_cvstrict_20260603/train_贵E8088警.jpg,贵E8088警,贵,23,train,/home/wzzz/LPRNet/datasets/police_bluebase_cvstrict_20260603/train_贵E8088警.jpg
/home/wzzz/LPRNet/datasets/police_bluebase_cvstrict_20260603/train_贵D1853警.jpg,贵D1853警,贵,23,train,/home/wzzz/LPRNet/datasets/police_bluebase_cvstrict_20260603/train_贵D1853警.jpg
/home/wzzz/LPRNet/datasets/police_bluebase_cvstrict_20260603/train_贵Y0221警.jpg,贵Y0221警,贵,23,train,/home/wzzz/LPRNet/datasets/police_bluebase_cvstrict_20260603/train_贵Y0221警.jpg
/home/wzzz/LPRNet/datasets/police_bluebase_cvstrict_20260603/train_贵D6259警.jpg,贵D6259警,贵,23,train,/home/wzzz/LPRNet/datasets/police_bluebase_cvstrict_20260603/train_贵D6259警.jpg
/home/wzzz/LPRNet/datasets/police_bluebase_cvstrict_20260603/train_贵P4374警.jpg,贵P4374警,贵,23,train,/home/wzzz/LPRNet/datasets/police_bluebase_cvstrict_20260603/train_贵P4374警.jpg
/home/wzzz/LPRNet/datasets/police_bluebase_cvstrict_20260603/train_贵L4150警.jpg,贵L4150警,贵,23,train,/home/wzzz/LPRNet/datasets/police_bluebase_cvstrict_20260603/train_贵L4150警.jpg
/home/wzzz/LPRNet/datasets/police_bluebase_cvstrict_20260603/train_贵U4094警.jpg,贵U4094警,贵,23,train,/home/wzzz/LPRNet/datasets/police_bluebase_cvstrict_20260603/train_贵U4094警.jpg
/home/wzzz/LPRNet/datasets/police_bluebase_cvstrict_20260603/train_贵X9564警.jpg,贵X9564警,贵,23,train,/home/wzzz/LPRNet/datasets/police_bluebase_cvstrict_20260603/train_贵X9564警.jpg
/home/wzzz/LPRNet/datasets/police_bluebase_cvstrict_20260603/train_贵U0741警.jpg,贵U0741警,贵,23,train,/home/wzzz/LPRNet/datasets/police_bluebase_cvstrict_20260603/train_贵U0741警.jpg
/home/wzzz/LPRNet/datasets/police_bluebase_cvstrict_20260603/train_贵T1360警.jpg,贵T1360警,贵,23,train,/home/wzzz/LPRNet/datasets/police_bluebase_cvstrict_20260603/train_贵T1360警.jpg
/home/wzzz/LPRNet/datasets/police_bluebase_cvstrict_20260603/train_贵Q5583警.jpg,贵Q5583警,贵,23,train,/home/wzzz/LPRNet/datasets/police_bluebase_cvstrict_20260603/train_贵Q5583警.jpg
/home/wzzz/LPRNet/datasets/police_bluebase_cvstrict_20260603/train_贵Q5640警.jpg,贵Q5640警,贵,23,train,/home/wzzz/LPRNet/datasets/police_bluebase_cvstrict_20260603/train_贵Q5640警.jpg
/home/wzzz/LPRNet/datasets/police_bluebase_cvstrict_20260603/train_贵L6257警.jpg,贵L6257警,贵,23,train,/home/wzzz/LPRNet/datasets/police_bluebase_cvstrict_20260603/train_贵L6257警.jpg
/home/wzzz/LPRNet/datasets/police_bluebase_cvstrict_20260603/train_贵N3347警.jpg,贵N3347警,贵,23,train,/home/wzzz/LPRNet/datasets/police_bluebase_cvstrict_20260603/train_贵N3347警.jpg
/home/wzzz/LPRNet/datasets/police_bluebase_cvstrict_20260603/train_贵R1305警.jpg,贵R1305警,贵,23,train,/home/wzzz/LPRNet/datasets/police_bluebase_cvstrict_20260603/train_贵R1305警.jpg
/home/wzzz/LPRNet/datasets/police_bluebase_cvstrict_20260603/train_贵V7911警.jpg,贵V7911警,贵,23,train,/home/wzzz/LPRNet/datasets/police_bluebase_cvstrict_20260603/train_贵V7911警.jpg
/home/wzzz/LPRNet/datasets/police_bluebase_cvstrict_20260603/train_贵Y4743警.jpg,贵Y4743警,贵,23,train,/home/wzzz/LPRNet/datasets/police_bluebase_cvstrict_20260603/train_贵Y4743警.jpg
/home/wzzz/LPRNet/datasets/police_bluebase_cvstrict_20260603/train_贵Q9123警.jpg,贵Q9123警,贵,23,train,/home/wzzz/LPRNet/datasets/police_bluebase_cvstrict_20260603/train_贵Q9123警.jpg
/home/wzzz/LPRNet/datasets/police_bluebase_cvstrict_20260603/train_贵F0044警.jpg,贵F0044警,贵,23,train,/home/wzzz/LPRNet/datasets/police_bluebase_cvstrict_20260603/train_贵F0044警.jpg
/home/wzzz/LPRNet/datasets/police_bluebase_cvstrict_20260603/train_云G9266警.jpg,云G9266警,云,24,train,/home/wzzz/LPRNet/datasets/police_bluebase_cvstrict_20260603/train_云G9266警.jpg
/home/wzzz/LPRNet/datasets/police_bluebase_cvstrict_20260603/train_云D0384警.jpg,云D0384警,云,24,train,/home/wzzz/LPRNet/datasets/police_bluebase_cvstrict_20260603/train_云D0384警.jpg
/home/wzzz/LPRNet/datasets/police_bluebase_cvstrict_20260603/train_云A2638警.jpg,云A2638警,云,24,train,/home/wzzz/LPRNet/datasets/police_bluebase_cvstrict_20260603/train_云A2638警.jpg
/home/wzzz/LPRNet/datasets/police_bluebase_cvstrict_20260603/train_云B5322警.jpg,云B5322警,云,24,train,/home/wzzz/LPRNet/datasets/police_bluebase_cvstrict_20260603/train_云B5322警.jpg
/home/wzzz/LPRNet/datasets/police_bluebase_cvstrict_20260603/train_云Q7738警.jpg,云Q7738警,云,24,train,/home/wzzz/LPRNet/datasets/police_bluebase_cvstrict_20260603/train_云Q7738警.jpg
/home/wzzz/LPRNet/datasets/police_bluebase_cvstrict_20260603/train_云Q9972警.jpg,云Q9972警,云,24,train,/home/wzzz/LPRNet/datasets/police_bluebase_cvstrict_20260603/train_云Q9972警.jpg
/home/wzzz/LPRNet/datasets/police_bluebase_cvstrict_20260603/train_云S1977警.jpg,云S1977警,云,24,train,/home/wzzz/LPRNet/datasets/police_bluebase_cvstrict_20260603/train_云S1977警.jpg
/home/wzzz/LPRNet/datasets/police_bluebase_cvstrict_20260603/train_云Q3762警.jpg,云Q3762警,云,24,train,/home/wzzz/LPRNet/datasets/police_bluebase_cvstrict_20260603/train_云Q3762警.jpg
/home/wzzz/LPRNet/datasets/police_bluebase_cvstrict_20260603/train_云F4396警.jpg,云F4396警,云,24,train,/home/wzzz/LPRNet/datasets/police_bluebase_cvstrict_20260603/train_云F4396警.jpg
/home/wzzz/LPRNet/datasets/police_bluebase_cvstrict_20260603/train_云T5604警.jpg,云T5604警,云,24,train,/home/wzzz/LPRNet/datasets/police_bluebase_cvstrict_20260603/train_云T5604警.jpg
/home/wzzz/LPRNet/datasets/police_bluebase_cvstrict_20260603/train_云D1148警.jpg,云D1148警,云,24,train,/home/wzzz/LPRNet/datasets/police_bluebase_cvstrict_20260603/train_云D1148警.jpg
/home/wzzz/LPRNet/datasets/police_bluebase_cvstrict_20260603/train_云S3321警.jpg,云S3321警,云,24,train,/home/wzzz/LPRNet/datasets/police_bluebase_cvstrict_20260603/train_云S3321警.jpg
/home/wzzz/LPRNet/datasets/police_bluebase_cvstrict_20260603/train_云U4923警.jpg,云U4923警,云,24,train,/home/wzzz/LPRNet/datasets/police_bluebase_cvstrict_20260603/train_云U4923警.jpg
/home/wzzz/LPRNet/datasets/police_bluebase_cvstrict_20260603/train_云A9375警.jpg,云A9375警,云,24,train,/home/wzzz/LPRNet/datasets/police_bluebase_cvstrict_20260603/train_云A9375警.jpg
/home/wzzz/LPRNet/datasets/police_bluebase_cvstrict_20260603/train_云T8357警.jpg,云T8357警,云,24,train,/home/wzzz/LPRNet/datasets/police_bluebase_cvstrict_20260603/train_云T8357警.jpg
/home/wzzz/LPRNet/datasets/police_bluebase_cvstrict_20260603/train_云Z7323警.jpg,云Z7323警,云,24,train,/home/wzzz/LPRNet/datasets/police_bluebase_cvstrict_20260603/train_云Z7323警.jpg
/home/wzzz/LPRNet/datasets/police_bluebase_cvstrict_20260603/train_云M8540警.jpg,云M8540警,云,24,train,/home/wzzz/LPRNet/datasets/police_bluebase_cvstrict_20260603/train_云M8540警.jpg
/home/wzzz/LPRNet/datasets/police_bluebase_cvstrict_20260603/train_云Y4177警.jpg,云Y4177警,云,24,train,/home/wzzz/LPRNet/datasets/police_bluebase_cvstrict_20260603/train_云Y4177警.jpg
/home/wzzz/LPRNet/datasets/police_bluebase_cvstrict_20260603/train_云D7790警.jpg,云D7790警,云,24,train,/home/wzzz/LPRNet/datasets/police_bluebase_cvstrict_20260603/train_云D7790警.jpg
/home/wzzz/LPRNet/datasets/police_bluebase_cvstrict_20260603/train_云X7933警.jpg,云X7933警,云,24,train,/home/wzzz/LPRNet/datasets/police_bluebase_cvstrict_20260603/train_云X7933警.jpg
/home/wzzz/LPRNet/datasets/police_bluebase_cvstrict_20260603/train_云Y2531警.jpg,云Y2531警,云,24,train,/home/wzzz/LPRNet/datasets/police_bluebase_cvstrict_20260603/train_云Y2531警.jpg
/home/wzzz/LPRNet/datasets/police_bluebase_cvstrict_20260603/train_云K4033警.jpg,云K4033警,云,24,train,/home/wzzz/LPRNet/datasets/police_bluebase_cvstrict_20260603/train_云K4033警.jpg
/home/wzzz/LPRNet/datasets/police_bluebase_cvstrict_20260603/train_云U3547警.jpg,云U3547警,云,24,train,/home/wzzz/LPRNet/datasets/police_bluebase_cvstrict_20260603/train_云U3547警.jpg
/home/wzzz/LPRNet/datasets/police_bluebase_cvstrict_20260603/train_云P0961警.jpg,云P0961警,云,24,train,/home/wzzz/LPRNet/datasets/police_bluebase_cvstrict_20260603/train_云P0961警.jpg
/home/wzzz/LPRNet/datasets/police_bluebase_cvstrict_20260603/train_云B2502警.jpg,云B2502警,云,24,train,/home/wzzz/LPRNet/datasets/police_bluebase_cvstrict_20260603/train_云B2502警.jpg
/home/wzzz/LPRNet/datasets/police_bluebase_cvstrict_20260603/train_云N2915警.jpg,云N2915警,云,24,train,/home/wzzz/LPRNet/datasets/police_bluebase_cvstrict_20260603/train_云N2915警.jpg
/home/wzzz/LPRNet/datasets/police_bluebase_cvstrict_20260603/train_云V1707警.jpg,云V1707警,云,24,train,/home/wzzz/LPRNet/datasets/police_bluebase_cvstrict_20260603/train_云V1707警.jpg
/home/wzzz/LPRNet/datasets/police_bluebase_cvstrict_20260603/train_云F3564警.jpg,云F3564警,云,24,train,/home/wzzz/LPRNet/datasets/police_bluebase_cvstrict_20260603/train_云F3564警.jpg
/home/wzzz/LPRNet/datasets/police_bluebase_cvstrict_20260603/train_云X6736警.jpg,云X6736警,云,24,train,/home/wzzz/LPRNet/datasets/police_bluebase_cvstrict_20260603/train_云X6736警.jpg
/home/wzzz/LPRNet/datasets/police_bluebase_cvstrict_20260603/train_云Z4316警.jpg,云Z4316警,云,24,train,/home/wzzz/LPRNet/datasets/police_bluebase_cvstrict_20260603/train_云Z4316警.jpg
/home/wzzz/LPRNet/datasets/police_bluebase_cvstrict_20260603/train_云R7430警.jpg,云R7430警,云,24,train,/home/wzzz/LPRNet/datasets/police_bluebase_cvstrict_20260603/train_云R7430警.jpg
/home/wzzz/LPRNet/datasets/police_bluebase_cvstrict_20260603/train_云J8400警.jpg,云J8400警,云,24,train,/home/wzzz/LPRNet/datasets/police_bluebase_cvstrict_20260603/train_云J8400警.jpg
/home/wzzz/LPRNet/datasets/police_bluebase_cvstrict_20260603/train_云E0653警.jpg,云E0653警,云,24,train,/home/wzzz/LPRNet/datasets/police_bluebase_cvstrict_20260603/train_云E0653警.jpg
/home/wzzz/LPRNet/datasets/police_bluebase_cvstrict_20260603/train_云R2323警.jpg,云R2323警,云,24,train,/home/wzzz/LPRNet/datasets/police_bluebase_cvstrict_20260603/train_云R2323警.jpg
/home/wzzz/LPRNet/datasets/police_bluebase_cvstrict_20260603/train_云W6805警.jpg,云W6805警,云,24,train,/home/wzzz/LPRNet/datasets/police_bluebase_cvstrict_20260603/train_云W6805警.jpg
/home/wzzz/LPRNet/datasets/police_bluebase_cvstrict_20260603/train_云S6978警.jpg,云S6978警,云,24,train,/home/wzzz/LPRNet/datasets/police_bluebase_cvstrict_20260603/train_云S6978警.jpg
/home/wzzz/LPRNet/datasets/police_bluebase_cvstrict_20260603/train_云F8236警.jpg,云F8236警,云,24,train,/home/wzzz/LPRNet/datasets/police_bluebase_cvstrict_20260603/train_云F8236警.jpg
/home/wzzz/LPRNet/datasets/police_bluebase_cvstrict_20260603/train_云Z5126警.jpg,云Z5126警,云,24,train,/home/wzzz/LPRNet/datasets/police_bluebase_cvstrict_20260603/train_云Z5126警.jpg
/home/wzzz/LPRNet/datasets/police_bluebase_cvstrict_20260603/train_云W8073警.jpg,云W8073警,云,24,train,/home/wzzz/LPRNet/datasets/police_bluebase_cvstrict_20260603/train_云W8073警.jpg
/home/wzzz/LPRNet/datasets/police_bluebase_cvstrict_20260603/train_云J2418警.jpg,云J2418警,云,24,train,/home/wzzz/LPRNet/datasets/police_bluebase_cvstrict_20260603/train_云J2418警.jpg
/home/wzzz/LPRNet/datasets/police_bluebase_cvstrict_20260603/train_云F2427警.jpg,云F2427警,云,24,train,/home/wzzz/LPRNet/datasets/police_bluebase_cvstrict_20260603/train_云F2427警.jpg
/home/wzzz/LPRNet/datasets/police_bluebase_cvstrict_20260603/train_云Z9124警.jpg,云Z9124警,云,24,train,/home/wzzz/LPRNet/datasets/police_bluebase_cvstrict_20260603/train_云Z9124警.jpg
/home/wzzz/LPRNet/datasets/police_bluebase_cvstrict_20260603/train_云U2608警.jpg,云U2608警,云,24,train,/home/wzzz/LPRNet/datasets/police_bluebase_cvstrict_20260603/train_云U2608警.jpg
/home/wzzz/LPRNet/datasets/police_bluebase_cvstrict_20260603/train_云E2823警.jpg,云E2823警,云,24,train,/home/wzzz/LPRNet/datasets/police_bluebase_cvstrict_20260603/train_云E2823警.jpg
/home/wzzz/LPRNet/datasets/police_bluebase_cvstrict_20260603/train_云Z5773警.jpg,云Z5773警,云,24,train,/home/wzzz/LPRNet/datasets/police_bluebase_cvstrict_20260603/train_云Z5773警.jpg
/home/wzzz/LPRNet/datasets/police_bluebase_cvstrict_20260603/train_云L1665警.jpg,云L1665警,云,24,train,/home/wzzz/LPRNet/datasets/police_bluebase_cvstrict_20260603/train_云L1665警.jpg
/home/wzzz/LPRNet/datasets/police_bluebase_cvstrict_20260603/train_云A4323警.jpg,云A4323警,云,24,train,/home/wzzz/LPRNet/datasets/police_bluebase_cvstrict_20260603/train_云A4323警.jpg
/home/wzzz/LPRNet/datasets/police_bluebase_cvstrict_20260603/train_云E9214警.jpg,云E9214警,云,24,train,/home/wzzz/LPRNet/datasets/police_bluebase_cvstrict_20260603/train_云E9214警.jpg
/home/wzzz/LPRNet/datasets/police_bluebase_cvstrict_20260603/train_云U4735警.jpg,云U4735警,云,24,train,/home/wzzz/LPRNet/datasets/police_bluebase_cvstrict_20260603/train_云U4735警.jpg
/home/wzzz/LPRNet/datasets/police_bluebase_cvstrict_20260603/train_云Y5519警.jpg,云Y5519警,云,24,train,/home/wzzz/LPRNet/datasets/police_bluebase_cvstrict_20260603/train_云Y5519警.jpg
/home/wzzz/LPRNet/datasets/police_bluebase_cvstrict_20260603/train_藏E4617警.jpg,藏E4617警,藏,25,train,/home/wzzz/LPRNet/datasets/police_bluebase_cvstrict_20260603/train_藏E4617警.jpg
/home/wzzz/LPRNet/datasets/police_bluebase_cvstrict_20260603/train_藏R2261警.jpg,藏R2261警,藏,25,train,/home/wzzz/LPRNet/datasets/police_bluebase_cvstrict_20260603/train_藏R2261警.jpg
/home/wzzz/LPRNet/datasets/police_bluebase_cvstrict_20260603/train_藏H5603警.jpg,藏H5603警,藏,25,train,/home/wzzz/LPRNet/datasets/police_bluebase_cvstrict_20260603/train_藏H5603警.jpg
/home/wzzz/LPRNet/datasets/police_bluebase_cvstrict_20260603/train_藏A2655警.jpg,藏A2655警,藏,25,train,/home/wzzz/LPRNet/datasets/police_bluebase_cvstrict_20260603/train_藏A2655警.jpg
/home/wzzz/LPRNet/datasets/police_bluebase_cvstrict_20260603/train_藏Z0002警.jpg,藏Z0002警,藏,25,train,/home/wzzz/LPRNet/datasets/police_bluebase_cvstrict_20260603/train_藏Z0002警.jpg
/home/wzzz/LPRNet/datasets/police_bluebase_cvstrict_20260603/train_藏H5875警.jpg,藏H5875警,藏,25,train,/home/wzzz/LPRNet/datasets/police_bluebase_cvstrict_20260603/train_藏H5875警.jpg
/home/wzzz/LPRNet/datasets/police_bluebase_cvstrict_20260603/train_藏L9058警.jpg,藏L9058警,藏,25,train,/home/wzzz/LPRNet/datasets/police_bluebase_cvstrict_20260603/train_藏L9058警.jpg
/home/wzzz/LPRNet/datasets/police_bluebase_cvstrict_20260603/train_藏S8825警.jpg,藏S8825警,藏,25,train,/home/wzzz/LPRNet/datasets/police_bluebase_cvstrict_20260603/train_藏S8825警.jpg
/home/wzzz/LPRNet/datasets/police_bluebase_cvstrict_20260603/train_藏G5551警.jpg,藏G5551警,藏,25,train,/home/wzzz/LPRNet/datasets/police_bluebase_cvstrict_20260603/train_藏G5551警.jpg
/home/wzzz/LPRNet/datasets/police_bluebase_cvstrict_20260603/train_藏V5602警.jpg,藏V5602警,藏,25,train,/home/wzzz/LPRNet/datasets/police_bluebase_cvstrict_20260603/train_藏V5602警.jpg
/home/wzzz/LPRNet/datasets/police_bluebase_cvstrict_20260603/train_藏M2945警.jpg,藏M2945警,藏,25,train,/home/wzzz/LPRNet/datasets/police_bluebase_cvstrict_20260603/train_藏M2945警.jpg
/home/wzzz/LPRNet/datasets/police_bluebase_cvstrict_20260603/train_藏X0598警.jpg,藏X0598警,藏,25,train,/home/wzzz/LPRNet/datasets/police_bluebase_cvstrict_20260603/train_藏X0598警.jpg
/home/wzzz/LPRNet/datasets/police_bluebase_cvstrict_20260603/train_藏M7080警.jpg,藏M7080警,藏,25,train,/home/wzzz/LPRNet/datasets/police_bluebase_cvstrict_20260603/train_藏M7080警.jpg
/home/wzzz/LPRNet/datasets/police_bluebase_cvstrict_20260603/train_藏N6321警.jpg,藏N6321警,藏,25,train,/home/wzzz/LPRNet/datasets/police_bluebase_cvstrict_20260603/train_藏N6321警.jpg
/home/wzzz/LPRNet/datasets/police_bluebase_cvstrict_20260603/train_藏V0149警.jpg,藏V0149警,藏,25,train,/home/wzzz/LPRNet/datasets/police_bluebase_cvstrict_20260603/train_藏V0149警.jpg
/home/wzzz/LPRNet/datasets/police_bluebase_cvstrict_20260603/train_藏M2120警.jpg,藏M2120警,藏,25,train,/home/wzzz/LPRNet/datasets/police_bluebase_cvstrict_20260603/train_藏M2120警.jpg
/home/wzzz/LPRNet/datasets/police_bluebase_cvstrict_20260603/train_藏A7207警.jpg,藏A7207警,藏,25,train,/home/wzzz/LPRNet/datasets/police_bluebase_cvstrict_20260603/train_藏A7207警.jpg
/home/wzzz/LPRNet/datasets/police_bluebase_cvstrict_20260603/train_藏C8481警.jpg,藏C8481警,藏,25,train,/home/wzzz/LPRNet/datasets/police_bluebase_cvstrict_20260603/train_藏C8481警.jpg
/home/wzzz/LPRNet/datasets/police_bluebase_cvstrict_20260603/train_藏B1629警.jpg,藏B1629警,藏,25,train,/home/wzzz/LPRNet/datasets/police_bluebase_cvstrict_20260603/train_藏B1629警.jpg
/home/wzzz/LPRNet/datasets/police_bluebase_cvstrict_20260603/train_藏Y3821警.jpg,藏Y3821警,藏,25,train,/home/wzzz/LPRNet/datasets/police_bluebase_cvstrict_20260603/train_藏Y3821警.jpg
/home/wzzz/LPRNet/datasets/police_bluebase_cvstrict_20260603/train_藏E8284警.jpg,藏E8284警,藏,25,train,/home/wzzz/LPRNet/datasets/police_bluebase_cvstrict_20260603/train_藏E8284警.jpg
/home/wzzz/LPRNet/datasets/police_bluebase_cvstrict_20260603/train_藏Z2465警.jpg,藏Z2465警,藏,25,train,/home/wzzz/LPRNet/datasets/police_bluebase_cvstrict_20260603/train_藏Z2465警.jpg
/home/wzzz/LPRNet/datasets/police_bluebase_cvstrict_20260603/train_藏N0756警.jpg,藏N0756警,藏,25,train,/home/wzzz/LPRNet/datasets/police_bluebase_cvstrict_20260603/train_藏N0756警.jpg
/home/wzzz/LPRNet/datasets/police_bluebase_cvstrict_20260603/train_藏Z3060警.jpg,藏Z3060警,藏,25,train,/home/wzzz/LPRNet/datasets/police_bluebase_cvstrict_20260603/train_藏Z3060警.jpg
/home/wzzz/LPRNet/datasets/police_bluebase_cvstrict_20260603/train_藏L6631警.jpg,藏L6631警,藏,25,train,/home/wzzz/LPRNet/datasets/police_bluebase_cvstrict_20260603/train_藏L6631警.jpg
/home/wzzz/LPRNet/datasets/police_bluebase_cvstrict_20260603/train_藏G9690警.jpg,藏G9690警,藏,25,train,/home/wzzz/LPRNet/datasets/police_bluebase_cvstrict_20260603/train_藏G9690警.jpg
/home/wzzz/LPRNet/datasets/police_bluebase_cvstrict_20260603/train_藏G1176警.jpg,藏G1176警,藏,25,train,/home/wzzz/LPRNet/datasets/police_bluebase_cvstrict_20260603/train_藏G1176警.jpg
/home/wzzz/LPRNet/datasets/police_bluebase_cvstrict_20260603/train_藏B4343警.jpg,藏B4343警,藏,25,train,/home/wzzz/LPRNet/datasets/police_bluebase_cvstrict_20260603/train_藏B4343警.jpg
/home/wzzz/LPRNet/datasets/police_bluebase_cvstrict_20260603/train_藏B8595警.jpg,藏B8595警,藏,25,train,/home/wzzz/LPRNet/datasets/police_bluebase_cvstrict_20260603/train_藏B8595警.jpg
/home/wzzz/LPRNet/datasets/police_bluebase_cvstrict_20260603/train_藏W8595警.jpg,藏W8595警,藏,25,train,/home/wzzz/LPRNet/datasets/police_bluebase_cvstrict_20260603/train_藏W8595警.jpg
/home/wzzz/LPRNet/datasets/police_bluebase_cvstrict_20260603/train_藏B1354警.jpg,藏B1354警,藏,25,train,/home/wzzz/LPRNet/datasets/police_bluebase_cvstrict_20260603/train_藏B1354警.jpg
/home/wzzz/LPRNet/datasets/police_bluebase_cvstrict_20260603/train_藏M3296警.jpg,藏M3296警,藏,25,train,/home/wzzz/LPRNet/datasets/police_bluebase_cvstrict_20260603/train_藏M3296警.jpg
/home/wzzz/LPRNet/datasets/police_bluebase_cvstrict_20260603/train_藏D1522警.jpg,藏D1522警,藏,25,train,/home/wzzz/LPRNet/datasets/police_bluebase_cvstrict_20260603/train_藏D1522警.jpg
/home/wzzz/LPRNet/datasets/police_bluebase_cvstrict_20260603/train_藏C1192警.jpg,藏C1192警,藏,25,train,/home/wzzz/LPRNet/datasets/police_bluebase_cvstrict_20260603/train_藏C1192警.jpg
/home/wzzz/LPRNet/datasets/police_bluebase_cvstrict_20260603/train_藏N6385警.jpg,藏N6385警,藏,25,train,/home/wzzz/LPRNet/datasets/police_bluebase_cvstrict_20260603/train_藏N6385警.jpg
/home/wzzz/LPRNet/datasets/police_bluebase_cvstrict_20260603/train_藏B8565警.jpg,藏B8565警,藏,25,train,/home/wzzz/LPRNet/datasets/police_bluebase_cvstrict_20260603/train_藏B8565警.jpg
/home/wzzz/LPRNet/datasets/police_bluebase_cvstrict_20260603/train_藏G5384警.jpg,藏G5384警,藏,25,train,/home/wzzz/LPRNet/datasets/police_bluebase_cvstrict_20260603/train_藏G5384警.jpg
/home/wzzz/LPRNet/datasets/police_bluebase_cvstrict_20260603/train_藏H2920警.jpg,藏H2920警,藏,25,train,/home/wzzz/LPRNet/datasets/police_bluebase_cvstrict_20260603/train_藏H2920警.jpg
/home/wzzz/LPRNet/datasets/police_bluebase_cvstrict_20260603/train_藏R6173警.jpg,藏R6173警,藏,25,train,/home/wzzz/LPRNet/datasets/police_bluebase_cvstrict_20260603/train_藏R6173警.jpg
/home/wzzz/LPRNet/datasets/police_bluebase_cvstrict_20260603/train_藏F4125警.jpg,藏F4125警,藏,25,train,/home/wzzz/LPRNet/datasets/police_bluebase_cvstrict_20260603/train_藏F4125警.jpg
/home/wzzz/LPRNet/datasets/police_bluebase_cvstrict_20260603/train_藏A0960警.jpg,藏A0960警,藏,25,train,/home/wzzz/LPRNet/datasets/police_bluebase_cvstrict_20260603/train_藏A0960警.jpg
/home/wzzz/LPRNet/datasets/police_bluebase_cvstrict_20260603/train_藏T9585警.jpg,藏T9585警,藏,25,train,/home/wzzz/LPRNet/datasets/police_bluebase_cvstrict_20260603/train_藏T9585警.jpg
/home/wzzz/LPRNet/datasets/police_bluebase_cvstrict_20260603/train_藏Z9600警.jpg,藏Z9600警,藏,25,train,/home/wzzz/LPRNet/datasets/police_bluebase_cvstrict_20260603/train_藏Z9600警.jpg
/home/wzzz/LPRNet/datasets/police_bluebase_cvstrict_20260603/train_藏B0023警.jpg,藏B0023警,藏,25,train,/home/wzzz/LPRNet/datasets/police_bluebase_cvstrict_20260603/train_藏B0023警.jpg
/home/wzzz/LPRNet/datasets/police_bluebase_cvstrict_20260603/train_藏G4237警.jpg,藏G4237警,藏,25,train,/home/wzzz/LPRNet/datasets/police_bluebase_cvstrict_20260603/train_藏G4237警.jpg
/home/wzzz/LPRNet/datasets/police_bluebase_cvstrict_20260603/train_藏N3865警.jpg,藏N3865警,藏,25,train,/home/wzzz/LPRNet/datasets/police_bluebase_cvstrict_20260603/train_藏N3865警.jpg
/home/wzzz/LPRNet/datasets/police_bluebase_cvstrict_20260603/train_藏Y9077警.jpg,藏Y9077警,藏,25,train,/home/wzzz/LPRNet/datasets/police_bluebase_cvstrict_20260603/train_藏Y9077警.jpg
/home/wzzz/LPRNet/datasets/police_bluebase_cvstrict_20260603/train_藏W2223警.jpg,藏W2223警,藏,25,train,/home/wzzz/LPRNet/datasets/police_bluebase_cvstrict_20260603/train_藏W2223警.jpg
/home/wzzz/LPRNet/datasets/police_bluebase_cvstrict_20260603/train_藏B0575警.jpg,藏B0575警,藏,25,train,/home/wzzz/LPRNet/datasets/police_bluebase_cvstrict_20260603/train_藏B0575警.jpg
/home/wzzz/LPRNet/datasets/police_bluebase_cvstrict_20260603/train_藏Z5522警.jpg,藏Z5522警,藏,25,train,/home/wzzz/LPRNet/datasets/police_bluebase_cvstrict_20260603/train_藏Z5522警.jpg
/home/wzzz/LPRNet/datasets/police_bluebase_cvstrict_20260603/train_陕J5277警.jpg,陕J5277警,陕,26,train,/home/wzzz/LPRNet/datasets/police_bluebase_cvstrict_20260603/train_陕J5277警.jpg
/home/wzzz/LPRNet/datasets/police_bluebase_cvstrict_20260603/train_陕K6587警.jpg,陕K6587警,陕,26,train,/home/wzzz/LPRNet/datasets/police_bluebase_cvstrict_20260603/train_陕K6587警.jpg
/home/wzzz/LPRNet/datasets/police_bluebase_cvstrict_20260603/train_陕P4638警.jpg,陕P4638警,陕,26,train,/home/wzzz/LPRNet/datasets/police_bluebase_cvstrict_20260603/train_陕P4638警.jpg
/home/wzzz/LPRNet/datasets/police_bluebase_cvstrict_20260603/train_陕K2384警.jpg,陕K2384警,陕,26,train,/home/wzzz/LPRNet/datasets/police_bluebase_cvstrict_20260603/train_陕K2384警.jpg
/home/wzzz/LPRNet/datasets/police_bluebase_cvstrict_20260603/train_陕C0330警.jpg,陕C0330警,陕,26,train,/home/wzzz/LPRNet/datasets/police_bluebase_cvstrict_20260603/train_陕C0330警.jpg
/home/wzzz/LPRNet/datasets/police_bluebase_cvstrict_20260603/train_陕N5665警.jpg,陕N5665警,陕,26,train,/home/wzzz/LPRNet/datasets/police_bluebase_cvstrict_20260603/train_陕N5665警.jpg
/home/wzzz/LPRNet/datasets/police_bluebase_cvstrict_20260603/train_陕Y0907警.jpg,陕Y0907警,陕,26,train,/home/wzzz/LPRNet/datasets/police_bluebase_cvstrict_20260603/train_陕Y0907警.jpg
/home/wzzz/LPRNet/datasets/police_bluebase_cvstrict_20260603/train_陕J8441警.jpg,陕J8441警,陕,26,train,/home/wzzz/LPRNet/datasets/police_bluebase_cvstrict_20260603/train_陕J8441警.jpg
/home/wzzz/LPRNet/datasets/police_bluebase_cvstrict_20260603/train_陕Y5917警.jpg,陕Y5917警,陕,26,train,/home/wzzz/LPRNet/datasets/police_bluebase_cvstrict_20260603/train_陕Y5917警.jpg
/home/wzzz/LPRNet/datasets/police_bluebase_cvstrict_20260603/train_陕B9258警.jpg,陕B9258警,陕,26,train,/home/wzzz/LPRNet/datasets/police_bluebase_cvstrict_20260603/train_陕B9258警.jpg
/home/wzzz/LPRNet/datasets/police_bluebase_cvstrict_20260603/train_陕R0231警.jpg,陕R0231警,陕,26,train,/home/wzzz/LPRNet/datasets/police_bluebase_cvstrict_20260603/train_陕R0231警.jpg
/home/wzzz/LPRNet/datasets/police_bluebase_cvstrict_20260603/train_陕E7430警.jpg,陕E7430警,陕,26,train,/home/wzzz/LPRNet/datasets/police_bluebase_cvstrict_20260603/train_陕E7430警.jpg
/home/wzzz/LPRNet/datasets/police_bluebase_cvstrict_20260603/train_陕E0147警.jpg,陕E0147警,陕,26,train,/home/wzzz/LPRNet/datasets/police_bluebase_cvstrict_20260603/train_陕E0147警.jpg
/home/wzzz/LPRNet/datasets/police_bluebase_cvstrict_20260603/train_陕J6008警.jpg,陕J6008警,陕,26,train,/home/wzzz/LPRNet/datasets/police_bluebase_cvstrict_20260603/train_陕J6008警.jpg
/home/wzzz/LPRNet/datasets/police_bluebase_cvstrict_20260603/train_陕R3935警.jpg,陕R3935警,陕,26,train,/home/wzzz/LPRNet/datasets/police_bluebase_cvstrict_20260603/train_陕R3935警.jpg
/home/wzzz/LPRNet/datasets/police_bluebase_cvstrict_20260603/train_陕H1859警.jpg,陕H1859警,陕,26,train,/home/wzzz/LPRNet/datasets/police_bluebase_cvstrict_20260603/train_陕H1859警.jpg
/home/wzzz/LPRNet/datasets/police_bluebase_cvstrict_20260603/train_陕E4717警.jpg,陕E4717警,陕,26,train,/home/wzzz/LPRNet/datasets/police_bluebase_cvstrict_20260603/train_陕E4717警.jpg
/home/wzzz/LPRNet/datasets/police_bluebase_cvstrict_20260603/train_陕J6844警.jpg,陕J6844警,陕,26,train,/home/wzzz/LPRNet/datasets/police_bluebase_cvstrict_20260603/train_陕J6844警.jpg
/home/wzzz/LPRNet/datasets/police_bluebase_cvstrict_20260603/train_陕B1024警.jpg,陕B1024警,陕,26,train,/home/wzzz/LPRNet/datasets/police_bluebase_cvstrict_20260603/train_陕B1024警.jpg
/home/wzzz/LPRNet/datasets/police_bluebase_cvstrict_20260603/train_陕E7941警.jpg,陕E7941警,陕,26,train,/home/wzzz/LPRNet/datasets/police_bluebase_cvstrict_20260603/train_陕E7941警.jpg
/home/wzzz/LPRNet/datasets/police_bluebase_cvstrict_20260603/train_陕V9614警.jpg,陕V9614警,陕,26,train,/home/wzzz/LPRNet/datasets/police_bluebase_cvstrict_20260603/train_陕V9614警.jpg
/home/wzzz/LPRNet/datasets/police_bluebase_cvstrict_20260603/train_陕D6503警.jpg,陕D6503警,陕,26,train,/home/wzzz/LPRNet/datasets/police_bluebase_cvstrict_20260603/train_陕D6503警.jpg
/home/wzzz/LPRNet/datasets/police_bluebase_cvstrict_20260603/train_陕J8566警.jpg,陕J8566警,陕,26,train,/home/wzzz/LPRNet/datasets/police_bluebase_cvstrict_20260603/train_陕J8566警.jpg
/home/wzzz/LPRNet/datasets/police_bluebase_cvstrict_20260603/train_陕L6909警.jpg,陕L6909警,陕,26,train,/home/wzzz/LPRNet/datasets/police_bluebase_cvstrict_20260603/train_陕L6909警.jpg
/home/wzzz/LPRNet/datasets/police_bluebase_cvstrict_20260603/train_陕K3074警.jpg,陕K3074警,陕,26,train,/home/wzzz/LPRNet/datasets/police_bluebase_cvstrict_20260603/train_陕K3074警.jpg
/home/wzzz/LPRNet/datasets/police_bluebase_cvstrict_20260603/train_陕L5543警.jpg,陕L5543警,陕,26,train,/home/wzzz/LPRNet/datasets/police_bluebase_cvstrict_20260603/train_陕L5543警.jpg
/home/wzzz/LPRNet/datasets/police_bluebase_cvstrict_20260603/train_陕V3580警.jpg,陕V3580警,陕,26,train,/home/wzzz/LPRNet/datasets/police_bluebase_cvstrict_20260603/train_陕V3580警.jpg
/home/wzzz/LPRNet/datasets/police_bluebase_cvstrict_20260603/train_陕E0123警.jpg,陕E0123警,陕,26,train,/home/wzzz/LPRNet/datasets/police_bluebase_cvstrict_20260603/train_陕E0123警.jpg
/home/wzzz/LPRNet/datasets/police_bluebase_cvstrict_20260603/train_陕U9579警.jpg,陕U9579警,陕,26,train,/home/wzzz/LPRNet/datasets/police_bluebase_cvstrict_20260603/train_陕U9579警.jpg
/home/wzzz/LPRNet/datasets/police_bluebase_cvstrict_20260603/train_陕C3299警.jpg,陕C3299警,陕,26,train,/home/wzzz/LPRNet/datasets/police_bluebase_cvstrict_20260603/train_陕C3299警.jpg
/home/wzzz/LPRNet/datasets/police_bluebase_cvstrict_20260603/train_陕R3630警.jpg,陕R3630警,陕,26,train,/home/wzzz/LPRNet/datasets/police_bluebase_cvstrict_20260603/train_陕R3630警.jpg
/home/wzzz/LPRNet/datasets/police_bluebase_cvstrict_20260603/train_陕J3345警.jpg,陕J3345警,陕,26,train,/home/wzzz/LPRNet/datasets/police_bluebase_cvstrict_20260603/train_陕J3345警.jpg
/home/wzzz/LPRNet/datasets/police_bluebase_cvstrict_20260603/train_陕J4011警.jpg,陕J4011警,陕,26,train,/home/wzzz/LPRNet/datasets/police_bluebase_cvstrict_20260603/train_陕J4011警.jpg
/home/wzzz/LPRNet/datasets/police_bluebase_cvstrict_20260603/train_陕A5188警.jpg,陕A5188警,陕,26,train,/home/wzzz/LPRNet/datasets/police_bluebase_cvstrict_20260603/train_陕A5188警.jpg
/home/wzzz/LPRNet/datasets/police_bluebase_cvstrict_20260603/train_陕R6231警.jpg,陕R6231警,陕,26,train,/home/wzzz/LPRNet/datasets/police_bluebase_cvstrict_20260603/train_陕R6231警.jpg
/home/wzzz/LPRNet/datasets/police_bluebase_cvstrict_20260603/train_陕L9721警.jpg,陕L9721警,陕,26,train,/home/wzzz/LPRNet/datasets/police_bluebase_cvstrict_20260603/train_陕L9721警.jpg
/home/wzzz/LPRNet/datasets/police_bluebase_cvstrict_20260603/train_陕Q1284警.jpg,陕Q1284警,陕,26,train,/home/wzzz/LPRNet/datasets/police_bluebase_cvstrict_20260603/train_陕Q1284警.jpg
/home/wzzz/LPRNet/datasets/police_bluebase_cvstrict_20260603/train_陕B8241警.jpg,陕B8241警,陕,26,train,/home/wzzz/LPRNet/datasets/police_bluebase_cvstrict_20260603/train_陕B8241警.jpg
/home/wzzz/LPRNet/datasets/police_bluebase_cvstrict_20260603/train_陕A7235警.jpg,陕A7235警,陕,26,train,/home/wzzz/LPRNet/datasets/police_bluebase_cvstrict_20260603/train_陕A7235警.jpg
/home/wzzz/LPRNet/datasets/police_bluebase_cvstrict_20260603/train_陕Q4737警.jpg,陕Q4737警,陕,26,train,/home/wzzz/LPRNet/datasets/police_bluebase_cvstrict_20260603/train_陕Q4737警.jpg
/home/wzzz/LPRNet/datasets/police_bluebase_cvstrict_20260603/train_陕B6426警.jpg,陕B6426警,陕,26,train,/home/wzzz/LPRNet/datasets/police_bluebase_cvstrict_20260603/train_陕B6426警.jpg
/home/wzzz/LPRNet/datasets/police_bluebase_cvstrict_20260603/train_陕T7410警.jpg,陕T7410警,陕,26,train,/home/wzzz/LPRNet/datasets/police_bluebase_cvstrict_20260603/train_陕T7410警.jpg
/home/wzzz/LPRNet/datasets/police_bluebase_cvstrict_20260603/train_陕J0568警.jpg,陕J0568警,陕,26,train,/home/wzzz/LPRNet/datasets/police_bluebase_cvstrict_20260603/train_陕J0568警.jpg
/home/wzzz/LPRNet/datasets/police_bluebase_cvstrict_20260603/train_陕D8811警.jpg,陕D8811警,陕,26,train,/home/wzzz/LPRNet/datasets/police_bluebase_cvstrict_20260603/train_陕D8811警.jpg
/home/wzzz/LPRNet/datasets/police_bluebase_cvstrict_20260603/train_陕E3751警.jpg,陕E3751警,陕,26,train,/home/wzzz/LPRNet/datasets/police_bluebase_cvstrict_20260603/train_陕E3751警.jpg
/home/wzzz/LPRNet/datasets/police_bluebase_cvstrict_20260603/train_陕Z9446警.jpg,陕Z9446警,陕,26,train,/home/wzzz/LPRNet/datasets/police_bluebase_cvstrict_20260603/train_陕Z9446警.jpg
/home/wzzz/LPRNet/datasets/police_bluebase_cvstrict_20260603/train_陕B6116警.jpg,陕B6116警,陕,26,train,/home/wzzz/LPRNet/datasets/police_bluebase_cvstrict_20260603/train_陕B6116警.jpg
/home/wzzz/LPRNet/datasets/police_bluebase_cvstrict_20260603/train_陕Q9360警.jpg,陕Q9360警,陕,26,train,/home/wzzz/LPRNet/datasets/police_bluebase_cvstrict_20260603/train_陕Q9360警.jpg
/home/wzzz/LPRNet/datasets/police_bluebase_cvstrict_20260603/train_陕Y2201警.jpg,陕Y2201警,陕,26,train,/home/wzzz/LPRNet/datasets/police_bluebase_cvstrict_20260603/train_陕Y2201警.jpg
/home/wzzz/LPRNet/datasets/police_bluebase_cvstrict_20260603/train_陕U0798警.jpg,陕U0798警,陕,26,train,/home/wzzz/LPRNet/datasets/police_bluebase_cvstrict_20260603/train_陕U0798警.jpg
/home/wzzz/LPRNet/datasets/police_bluebase_cvstrict_20260603/train_甘W4555警.jpg,甘W4555警,甘,27,train,/home/wzzz/LPRNet/datasets/police_bluebase_cvstrict_20260603/train_甘W4555警.jpg
/home/wzzz/LPRNet/datasets/police_bluebase_cvstrict_20260603/train_甘Z8103警.jpg,甘Z8103警,甘,27,train,/home/wzzz/LPRNet/datasets/police_bluebase_cvstrict_20260603/train_甘Z8103警.jpg
/home/wzzz/LPRNet/datasets/police_bluebase_cvstrict_20260603/train_甘E0991警.jpg,甘E0991警,甘,27,train,/home/wzzz/LPRNet/datasets/police_bluebase_cvstrict_20260603/train_甘E0991警.jpg
/home/wzzz/LPRNet/datasets/police_bluebase_cvstrict_20260603/train_甘K2921警.jpg,甘K2921警,甘,27,train,/home/wzzz/LPRNet/datasets/police_bluebase_cvstrict_20260603/train_甘K2921警.jpg
/home/wzzz/LPRNet/datasets/police_bluebase_cvstrict_20260603/train_甘K3072警.jpg,甘K3072警,甘,27,train,/home/wzzz/LPRNet/datasets/police_bluebase_cvstrict_20260603/train_甘K3072警.jpg
/home/wzzz/LPRNet/datasets/police_bluebase_cvstrict_20260603/train_甘J5148警.jpg,甘J5148警,甘,27,train,/home/wzzz/LPRNet/datasets/police_bluebase_cvstrict_20260603/train_甘J5148警.jpg
/home/wzzz/LPRNet/datasets/police_bluebase_cvstrict_20260603/train_甘X7638警.jpg,甘X7638警,甘,27,train,/home/wzzz/LPRNet/datasets/police_bluebase_cvstrict_20260603/train_甘X7638警.jpg
/home/wzzz/LPRNet/datasets/police_bluebase_cvstrict_20260603/train_甘E6475警.jpg,甘E6475警,甘,27,train,/home/wzzz/LPRNet/datasets/police_bluebase_cvstrict_20260603/train_甘E6475警.jpg
/home/wzzz/LPRNet/datasets/police_bluebase_cvstrict_20260603/train_甘T3007警.jpg,甘T3007警,甘,27,train,/home/wzzz/LPRNet/datasets/police_bluebase_cvstrict_20260603/train_甘T3007警.jpg
/home/wzzz/LPRNet/datasets/police_bluebase_cvstrict_20260603/train_甘D6026警.jpg,甘D6026警,甘,27,train,/home/wzzz/LPRNet/datasets/police_bluebase_cvstrict_20260603/train_甘D6026警.jpg
/home/wzzz/LPRNet/datasets/police_bluebase_cvstrict_20260603/train_甘D2276警.jpg,甘D2276警,甘,27,train,/home/wzzz/LPRNet/datasets/police_bluebase_cvstrict_20260603/train_甘D2276警.jpg
/home/wzzz/LPRNet/datasets/police_bluebase_cvstrict_20260603/train_甘S8317警.jpg,甘S8317警,甘,27,train,/home/wzzz/LPRNet/datasets/police_bluebase_cvstrict_20260603/train_甘S8317警.jpg
/home/wzzz/LPRNet/datasets/police_bluebase_cvstrict_20260603/train_甘U2347警.jpg,甘U2347警,甘,27,train,/home/wzzz/LPRNet/datasets/police_bluebase_cvstrict_20260603/train_甘U2347警.jpg
/home/wzzz/LPRNet/datasets/police_bluebase_cvstrict_20260603/train_甘B8043警.jpg,甘B8043警,甘,27,train,/home/wzzz/LPRNet/datasets/police_bluebase_cvstrict_20260603/train_甘B8043警.jpg
/home/wzzz/LPRNet/datasets/police_bluebase_cvstrict_20260603/train_甘S8591警.jpg,甘S8591警,甘,27,train,/home/wzzz/LPRNet/datasets/police_bluebase_cvstrict_20260603/train_甘S8591警.jpg
/home/wzzz/LPRNet/datasets/police_bluebase_cvstrict_20260603/train_甘E5827警.jpg,甘E5827警,甘,27,train,/home/wzzz/LPRNet/datasets/police_bluebase_cvstrict_20260603/train_甘E5827警.jpg
/home/wzzz/LPRNet/datasets/police_bluebase_cvstrict_20260603/train_甘Q3526警.jpg,甘Q3526警,甘,27,train,/home/wzzz/LPRNet/datasets/police_bluebase_cvstrict_20260603/train_甘Q3526警.jpg
/home/wzzz/LPRNet/datasets/police_bluebase_cvstrict_20260603/train_甘K5855警.jpg,甘K5855警,甘,27,train,/home/wzzz/LPRNet/datasets/police_bluebase_cvstrict_20260603/train_甘K5855警.jpg
/home/wzzz/LPRNet/datasets/police_bluebase_cvstrict_20260603/train_甘S6359警.jpg,甘S6359警,甘,27,train,/home/wzzz/LPRNet/datasets/police_bluebase_cvstrict_20260603/train_甘S6359警.jpg
/home/wzzz/LPRNet/datasets/police_bluebase_cvstrict_20260603/train_甘N8878警.jpg,甘N8878警,甘,27,train,/home/wzzz/LPRNet/datasets/police_bluebase_cvstrict_20260603/train_甘N8878警.jpg
/home/wzzz/LPRNet/datasets/police_bluebase_cvstrict_20260603/train_甘X6791警.jpg,甘X6791警,甘,27,train,/home/wzzz/LPRNet/datasets/police_bluebase_cvstrict_20260603/train_甘X6791警.jpg
/home/wzzz/LPRNet/datasets/police_bluebase_cvstrict_20260603/train_甘C1184警.jpg,甘C1184警,甘,27,train,/home/wzzz/LPRNet/datasets/police_bluebase_cvstrict_20260603/train_甘C1184警.jpg
/home/wzzz/LPRNet/datasets/police_bluebase_cvstrict_20260603/train_甘K7551警.jpg,甘K7551警,甘,27,train,/home/wzzz/LPRNet/datasets/police_bluebase_cvstrict_20260603/train_甘K7551警.jpg
/home/wzzz/LPRNet/datasets/police_bluebase_cvstrict_20260603/train_甘S6798警.jpg,甘S6798警,甘,27,train,/home/wzzz/LPRNet/datasets/police_bluebase_cvstrict_20260603/train_甘S6798警.jpg
/home/wzzz/LPRNet/datasets/police_bluebase_cvstrict_20260603/train_甘H7061警.jpg,甘H7061警,甘,27,train,/home/wzzz/LPRNet/datasets/police_bluebase_cvstrict_20260603/train_甘H7061警.jpg
/home/wzzz/LPRNet/datasets/police_bluebase_cvstrict_20260603/train_甘F1969警.jpg,甘F1969警,甘,27,train,/home/wzzz/LPRNet/datasets/police_bluebase_cvstrict_20260603/train_甘F1969警.jpg
/home/wzzz/LPRNet/datasets/police_bluebase_cvstrict_20260603/train_甘F9523警.jpg,甘F9523警,甘,27,train,/home/wzzz/LPRNet/datasets/police_bluebase_cvstrict_20260603/train_甘F9523警.jpg
/home/wzzz/LPRNet/datasets/police_bluebase_cvstrict_20260603/train_甘J2642警.jpg,甘J2642警,甘,27,train,/home/wzzz/LPRNet/datasets/police_bluebase_cvstrict_20260603/train_甘J2642警.jpg
/home/wzzz/LPRNet/datasets/police_bluebase_cvstrict_20260603/train_甘H4301警.jpg,甘H4301警,甘,27,train,/home/wzzz/LPRNet/datasets/police_bluebase_cvstrict_20260603/train_甘H4301警.jpg
/home/wzzz/LPRNet/datasets/police_bluebase_cvstrict_20260603/train_甘U4508警.jpg,甘U4508警,甘,27,train,/home/wzzz/LPRNet/datasets/police_bluebase_cvstrict_20260603/train_甘U4508警.jpg
/home/wzzz/LPRNet/datasets/police_bluebase_cvstrict_20260603/train_甘M5844警.jpg,甘M5844警,甘,27,train,/home/wzzz/LPRNet/datasets/police_bluebase_cvstrict_20260603/train_甘M5844警.jpg
/home/wzzz/LPRNet/datasets/police_bluebase_cvstrict_20260603/train_甘M0919警.jpg,甘M0919警,甘,27,train,/home/wzzz/LPRNet/datasets/police_bluebase_cvstrict_20260603/train_甘M0919警.jpg
/home/wzzz/LPRNet/datasets/police_bluebase_cvstrict_20260603/train_甘N6392警.jpg,甘N6392警,甘,27,train,/home/wzzz/LPRNet/datasets/police_bluebase_cvstrict_20260603/train_甘N6392警.jpg
/home/wzzz/LPRNet/datasets/police_bluebase_cvstrict_20260603/train_甘B4547警.jpg,甘B4547警,甘,27,train,/home/wzzz/LPRNet/datasets/police_bluebase_cvstrict_20260603/train_甘B4547警.jpg
/home/wzzz/LPRNet/datasets/police_bluebase_cvstrict_20260603/train_甘Y2404警.jpg,甘Y2404警,甘,27,train,/home/wzzz/LPRNet/datasets/police_bluebase_cvstrict_20260603/train_甘Y2404警.jpg
/home/wzzz/LPRNet/datasets/police_bluebase_cvstrict_20260603/train_甘T7039警.jpg,甘T7039警,甘,27,train,/home/wzzz/LPRNet/datasets/police_bluebase_cvstrict_20260603/train_甘T7039警.jpg
/home/wzzz/LPRNet/datasets/police_bluebase_cvstrict_20260603/train_甘M2142警.jpg,甘M2142警,甘,27,train,/home/wzzz/LPRNet/datasets/police_bluebase_cvstrict_20260603/train_甘M2142警.jpg
/home/wzzz/LPRNet/datasets/police_bluebase_cvstrict_20260603/train_甘U6541警.jpg,甘U6541警,甘,27,train,/home/wzzz/LPRNet/datasets/police_bluebase_cvstrict_20260603/train_甘U6541警.jpg
/home/wzzz/LPRNet/datasets/police_bluebase_cvstrict_20260603/train_甘P9576警.jpg,甘P9576警,甘,27,train,/home/wzzz/LPRNet/datasets/police_bluebase_cvstrict_20260603/train_甘P9576警.jpg
/home/wzzz/LPRNet/datasets/police_bluebase_cvstrict_20260603/train_甘J0812警.jpg,甘J0812警,甘,27,train,/home/wzzz/LPRNet/datasets/police_bluebase_cvstrict_20260603/train_甘J0812警.jpg
/home/wzzz/LPRNet/datasets/police_bluebase_cvstrict_20260603/train_甘B9615警.jpg,甘B9615警,甘,27,train,/home/wzzz/LPRNet/datasets/police_bluebase_cvstrict_20260603/train_甘B9615警.jpg
/home/wzzz/LPRNet/datasets/police_bluebase_cvstrict_20260603/train_甘F1861警.jpg,甘F1861警,甘,27,train,/home/wzzz/LPRNet/datasets/police_bluebase_cvstrict_20260603/train_甘F1861警.jpg
/home/wzzz/LPRNet/datasets/police_bluebase_cvstrict_20260603/train_甘A2709警.jpg,甘A2709警,甘,27,train,/home/wzzz/LPRNet/datasets/police_bluebase_cvstrict_20260603/train_甘A2709警.jpg
/home/wzzz/LPRNet/datasets/police_bluebase_cvstrict_20260603/train_甘Z8318警.jpg,甘Z8318警,甘,27,train,/home/wzzz/LPRNet/datasets/police_bluebase_cvstrict_20260603/train_甘Z8318警.jpg
/home/wzzz/LPRNet/datasets/police_bluebase_cvstrict_20260603/train_甘P2087警.jpg,甘P2087警,甘,27,train,/home/wzzz/LPRNet/datasets/police_bluebase_cvstrict_20260603/train_甘P2087警.jpg
/home/wzzz/LPRNet/datasets/police_bluebase_cvstrict_20260603/train_甘V7421警.jpg,甘V7421警,甘,27,train,/home/wzzz/LPRNet/datasets/police_bluebase_cvstrict_20260603/train_甘V7421警.jpg
/home/wzzz/LPRNet/datasets/police_bluebase_cvstrict_20260603/train_甘M5356警.jpg,甘M5356警,甘,27,train,/home/wzzz/LPRNet/datasets/police_bluebase_cvstrict_20260603/train_甘M5356警.jpg
/home/wzzz/LPRNet/datasets/police_bluebase_cvstrict_20260603/train_甘T4758警.jpg,甘T4758警,甘,27,train,/home/wzzz/LPRNet/datasets/police_bluebase_cvstrict_20260603/train_甘T4758警.jpg
/home/wzzz/LPRNet/datasets/police_bluebase_cvstrict_20260603/train_甘J9686警.jpg,甘J9686警,甘,27,train,/home/wzzz/LPRNet/datasets/police_bluebase_cvstrict_20260603/train_甘J9686警.jpg
/home/wzzz/LPRNet/datasets/police_bluebase_cvstrict_20260603/train_甘R9539警.jpg,甘R9539警,甘,27,train,/home/wzzz/LPRNet/datasets/police_bluebase_cvstrict_20260603/train_甘R9539警.jpg
/home/wzzz/LPRNet/datasets/police_bluebase_cvstrict_20260603/train_青U3420警.jpg,青U3420警,青,28,train,/home/wzzz/LPRNet/datasets/police_bluebase_cvstrict_20260603/train_青U3420警.jpg
/home/wzzz/LPRNet/datasets/police_bluebase_cvstrict_20260603/train_青Z5950警.jpg,青Z5950警,青,28,train,/home/wzzz/LPRNet/datasets/police_bluebase_cvstrict_20260603/train_青Z5950警.jpg
/home/wzzz/LPRNet/datasets/police_bluebase_cvstrict_20260603/train_青D4739警.jpg,青D4739警,青,28,train,/home/wzzz/LPRNet/datasets/police_bluebase_cvstrict_20260603/train_青D4739警.jpg
/home/wzzz/LPRNet/datasets/police_bluebase_cvstrict_20260603/train_青A7298警.jpg,青A7298警,青,28,train,/home/wzzz/LPRNet/datasets/police_bluebase_cvstrict_20260603/train_青A7298警.jpg
/home/wzzz/LPRNet/datasets/police_bluebase_cvstrict_20260603/train_青T6571警.jpg,青T6571警,青,28,train,/home/wzzz/LPRNet/datasets/police_bluebase_cvstrict_20260603/train_青T6571警.jpg
/home/wzzz/LPRNet/datasets/police_bluebase_cvstrict_20260603/train_青E4583警.jpg,青E4583警,青,28,train,/home/wzzz/LPRNet/datasets/police_bluebase_cvstrict_20260603/train_青E4583警.jpg
/home/wzzz/LPRNet/datasets/police_bluebase_cvstrict_20260603/train_青F5138警.jpg,青F5138警,青,28,train,/home/wzzz/LPRNet/datasets/police_bluebase_cvstrict_20260603/train_青F5138警.jpg
/home/wzzz/LPRNet/datasets/police_bluebase_cvstrict_20260603/train_青D7875警.jpg,青D7875警,青,28,train,/home/wzzz/LPRNet/datasets/police_bluebase_cvstrict_20260603/train_青D7875警.jpg
/home/wzzz/LPRNet/datasets/police_bluebase_cvstrict_20260603/train_青V6170警.jpg,青V6170警,青,28,train,/home/wzzz/LPRNet/datasets/police_bluebase_cvstrict_20260603/train_青V6170警.jpg
/home/wzzz/LPRNet/datasets/police_bluebase_cvstrict_20260603/train_青H2451警.jpg,青H2451警,青,28,train,/home/wzzz/LPRNet/datasets/police_bluebase_cvstrict_20260603/train_青H2451警.jpg
/home/wzzz/LPRNet/datasets/police_bluebase_cvstrict_20260603/train_青N8616警.jpg,青N8616警,青,28,train,/home/wzzz/LPRNet/datasets/police_bluebase_cvstrict_20260603/train_青N8616警.jpg
/home/wzzz/LPRNet/datasets/police_bluebase_cvstrict_20260603/train_青Y3125警.jpg,青Y3125警,青,28,train,/home/wzzz/LPRNet/datasets/police_bluebase_cvstrict_20260603/train_青Y3125警.jpg
/home/wzzz/LPRNet/datasets/police_bluebase_cvstrict_20260603/train_青U9881警.jpg,青U9881警,青,28,train,/home/wzzz/LPRNet/datasets/police_bluebase_cvstrict_20260603/train_青U9881警.jpg
/home/wzzz/LPRNet/datasets/police_bluebase_cvstrict_20260603/train_青G0355警.jpg,青G0355警,青,28,train,/home/wzzz/LPRNet/datasets/police_bluebase_cvstrict_20260603/train_青G0355警.jpg
/home/wzzz/LPRNet/datasets/police_bluebase_cvstrict_20260603/train_青R1149警.jpg,青R1149警,青,28,train,/home/wzzz/LPRNet/datasets/police_bluebase_cvstrict_20260603/train_青R1149警.jpg
/home/wzzz/LPRNet/datasets/police_bluebase_cvstrict_20260603/train_青E0492警.jpg,青E0492警,青,28,train,/home/wzzz/LPRNet/datasets/police_bluebase_cvstrict_20260603/train_青E0492警.jpg
/home/wzzz/LPRNet/datasets/police_bluebase_cvstrict_20260603/train_青N8923警.jpg,青N8923警,青,28,train,/home/wzzz/LPRNet/datasets/police_bluebase_cvstrict_20260603/train_青N8923警.jpg
/home/wzzz/LPRNet/datasets/police_bluebase_cvstrict_20260603/train_青Y9875警.jpg,青Y9875警,青,28,train,/home/wzzz/LPRNet/datasets/police_bluebase_cvstrict_20260603/train_青Y9875警.jpg
/home/wzzz/LPRNet/datasets/police_bluebase_cvstrict_20260603/train_青K8612警.jpg,青K8612警,青,28,train,/home/wzzz/LPRNet/datasets/police_bluebase_cvstrict_20260603/train_青K8612警.jpg
/home/wzzz/LPRNet/datasets/police_bluebase_cvstrict_20260603/train_青A7163警.jpg,青A7163警,青,28,train,/home/wzzz/LPRNet/datasets/police_bluebase_cvstrict_20260603/train_青A7163警.jpg
/home/wzzz/LPRNet/datasets/police_bluebase_cvstrict_20260603/train_青E5644警.jpg,青E5644警,青,28,train,/home/wzzz/LPRNet/datasets/police_bluebase_cvstrict_20260603/train_青E5644警.jpg
/home/wzzz/LPRNet/datasets/police_bluebase_cvstrict_20260603/train_青M9054警.jpg,青M9054警,青,28,train,/home/wzzz/LPRNet/datasets/police_bluebase_cvstrict_20260603/train_青M9054警.jpg
/home/wzzz/LPRNet/datasets/police_bluebase_cvstrict_20260603/train_青F3439警.jpg,青F3439警,青,28,train,/home/wzzz/LPRNet/datasets/police_bluebase_cvstrict_20260603/train_青F3439警.jpg
/home/wzzz/LPRNet/datasets/police_bluebase_cvstrict_20260603/train_青P9529警.jpg,青P9529警,青,28,train,/home/wzzz/LPRNet/datasets/police_bluebase_cvstrict_20260603/train_青P9529警.jpg
/home/wzzz/LPRNet/datasets/police_bluebase_cvstrict_20260603/train_青N7205警.jpg,青N7205警,青,28,train,/home/wzzz/LPRNet/datasets/police_bluebase_cvstrict_20260603/train_青N7205警.jpg
/home/wzzz/LPRNet/datasets/police_bluebase_cvstrict_20260603/train_青F5786警.jpg,青F5786警,青,28,train,/home/wzzz/LPRNet/datasets/police_bluebase_cvstrict_20260603/train_青F5786警.jpg
/home/wzzz/LPRNet/datasets/police_bluebase_cvstrict_20260603/train_青T0187警.jpg,青T0187警,青,28,train,/home/wzzz/LPRNet/datasets/police_bluebase_cvstrict_20260603/train_青T0187警.jpg
/home/wzzz/LPRNet/datasets/police_bluebase_cvstrict_20260603/train_青A4734警.jpg,青A4734警,青,28,train,/home/wzzz/LPRNet/datasets/police_bluebase_cvstrict_20260603/train_青A4734警.jpg
/home/wzzz/LPRNet/datasets/police_bluebase_cvstrict_20260603/train_青F4397警.jpg,青F4397警,青,28,train,/home/wzzz/LPRNet/datasets/police_bluebase_cvstrict_20260603/train_青F4397警.jpg
/home/wzzz/LPRNet/datasets/police_bluebase_cvstrict_20260603/train_青S8025警.jpg,青S8025警,青,28,train,/home/wzzz/LPRNet/datasets/police_bluebase_cvstrict_20260603/train_青S8025警.jpg
/home/wzzz/LPRNet/datasets/police_bluebase_cvstrict_20260603/train_青S5324警.jpg,青S5324警,青,28,train,/home/wzzz/LPRNet/datasets/police_bluebase_cvstrict_20260603/train_青S5324警.jpg
/home/wzzz/LPRNet/datasets/police_bluebase_cvstrict_20260603/train_青Y3898警.jpg,青Y3898警,青,28,train,/home/wzzz/LPRNet/datasets/police_bluebase_cvstrict_20260603/train_青Y3898警.jpg
/home/wzzz/LPRNet/datasets/police_bluebase_cvstrict_20260603/train_青A1073警.jpg,青A1073警,青,28,train,/home/wzzz/LPRNet/datasets/police_bluebase_cvstrict_20260603/train_青A1073警.jpg
/home/wzzz/LPRNet/datasets/police_bluebase_cvstrict_20260603/train_青Q7690警.jpg,青Q7690警,青,28,train,/home/wzzz/LPRNet/datasets/police_bluebase_cvstrict_20260603/train_青Q7690警.jpg
/home/wzzz/LPRNet/datasets/police_bluebase_cvstrict_20260603/train_青D7227警.jpg,青D7227警,青,28,train,/home/wzzz/LPRNet/datasets/police_bluebase_cvstrict_20260603/train_青D7227警.jpg
/home/wzzz/LPRNet/datasets/police_bluebase_cvstrict_20260603/train_青D3148警.jpg,青D3148警,青,28,train,/home/wzzz/LPRNet/datasets/police_bluebase_cvstrict_20260603/train_青D3148警.jpg
/home/wzzz/LPRNet/datasets/police_bluebase_cvstrict_20260603/train_青W3499警.jpg,青W3499警,青,28,train,/home/wzzz/LPRNet/datasets/police_bluebase_cvstrict_20260603/train_青W3499警.jpg
/home/wzzz/LPRNet/datasets/police_bluebase_cvstrict_20260603/train_青R8185警.jpg,青R8185警,青,28,train,/home/wzzz/LPRNet/datasets/police_bluebase_cvstrict_20260603/train_青R8185警.jpg
/home/wzzz/LPRNet/datasets/police_bluebase_cvstrict_20260603/train_青Z6414警.jpg,青Z6414警,青,28,train,/home/wzzz/LPRNet/datasets/police_bluebase_cvstrict_20260603/train_青Z6414警.jpg
/home/wzzz/LPRNet/datasets/police_bluebase_cvstrict_20260603/train_青F2421警.jpg,青F2421警,青,28,train,/home/wzzz/LPRNet/datasets/police_bluebase_cvstrict_20260603/train_青F2421警.jpg
/home/wzzz/LPRNet/datasets/police_bluebase_cvstrict_20260603/train_青H8027警.jpg,青H8027警,青,28,train,/home/wzzz/LPRNet/datasets/police_bluebase_cvstrict_20260603/train_青H8027警.jpg
/home/wzzz/LPRNet/datasets/police_bluebase_cvstrict_20260603/train_青U8122警.jpg,青U8122警,青,28,train,/home/wzzz/LPRNet/datasets/police_bluebase_cvstrict_20260603/train_青U8122警.jpg
/home/wzzz/LPRNet/datasets/police_bluebase_cvstrict_20260603/train_青B5024警.jpg,青B5024警,青,28,train,/home/wzzz/LPRNet/datasets/police_bluebase_cvstrict_20260603/train_青B5024警.jpg
/home/wzzz/LPRNet/datasets/police_bluebase_cvstrict_20260603/train_青T1449警.jpg,青T1449警,青,28,train,/home/wzzz/LPRNet/datasets/police_bluebase_cvstrict_20260603/train_青T1449警.jpg
/home/wzzz/LPRNet/datasets/police_bluebase_cvstrict_20260603/train_青L8955警.jpg,青L8955警,青,28,train,/home/wzzz/LPRNet/datasets/police_bluebase_cvstrict_20260603/train_青L8955警.jpg
/home/wzzz/LPRNet/datasets/police_bluebase_cvstrict_20260603/train_青F8217警.jpg,青F8217警,青,28,train,/home/wzzz/LPRNet/datasets/police_bluebase_cvstrict_20260603/train_青F8217警.jpg
/home/wzzz/LPRNet/datasets/police_bluebase_cvstrict_20260603/train_青F5371警.jpg,青F5371警,青,28,train,/home/wzzz/LPRNet/datasets/police_bluebase_cvstrict_20260603/train_青F5371警.jpg
/home/wzzz/LPRNet/datasets/police_bluebase_cvstrict_20260603/train_青S3681警.jpg,青S3681警,青,28,train,/home/wzzz/LPRNet/datasets/police_bluebase_cvstrict_20260603/train_青S3681警.jpg
/home/wzzz/LPRNet/datasets/police_bluebase_cvstrict_20260603/train_青P4799警.jpg,青P4799警,青,28,train,/home/wzzz/LPRNet/datasets/police_bluebase_cvstrict_20260603/train_青P4799警.jpg
/home/wzzz/LPRNet/datasets/police_bluebase_cvstrict_20260603/train_青U2873警.jpg,青U2873警,青,28,train,/home/wzzz/LPRNet/datasets/police_bluebase_cvstrict_20260603/train_青U2873警.jpg
/home/wzzz/LPRNet/datasets/police_bluebase_cvstrict_20260603/train_宁S4120警.jpg,宁S4120警,宁,29,train,/home/wzzz/LPRNet/datasets/police_bluebase_cvstrict_20260603/train_宁S4120警.jpg
/home/wzzz/LPRNet/datasets/police_bluebase_cvstrict_20260603/train_宁R6585警.jpg,宁R6585警,宁,29,train,/home/wzzz/LPRNet/datasets/police_bluebase_cvstrict_20260603/train_宁R6585警.jpg
/home/wzzz/LPRNet/datasets/police_bluebase_cvstrict_20260603/train_宁Q6770警.jpg,宁Q6770警,宁,29,train,/home/wzzz/LPRNet/datasets/police_bluebase_cvstrict_20260603/train_宁Q6770警.jpg
/home/wzzz/LPRNet/datasets/police_bluebase_cvstrict_20260603/train_宁W5331警.jpg,宁W5331警,宁,29,train,/home/wzzz/LPRNet/datasets/police_bluebase_cvstrict_20260603/train_宁W5331警.jpg
/home/wzzz/LPRNet/datasets/police_bluebase_cvstrict_20260603/train_宁T3453警.jpg,宁T3453警,宁,29,train,/home/wzzz/LPRNet/datasets/police_bluebase_cvstrict_20260603/train_宁T3453警.jpg
/home/wzzz/LPRNet/datasets/police_bluebase_cvstrict_20260603/train_宁F6600警.jpg,宁F6600警,宁,29,train,/home/wzzz/LPRNet/datasets/police_bluebase_cvstrict_20260603/train_宁F6600警.jpg
/home/wzzz/LPRNet/datasets/police_bluebase_cvstrict_20260603/train_宁T8580警.jpg,宁T8580警,宁,29,train,/home/wzzz/LPRNet/datasets/police_bluebase_cvstrict_20260603/train_宁T8580警.jpg
/home/wzzz/LPRNet/datasets/police_bluebase_cvstrict_20260603/train_宁W2967警.jpg,宁W2967警,宁,29,train,/home/wzzz/LPRNet/datasets/police_bluebase_cvstrict_20260603/train_宁W2967警.jpg
/home/wzzz/LPRNet/datasets/police_bluebase_cvstrict_20260603/train_宁X2553警.jpg,宁X2553警,宁,29,train,/home/wzzz/LPRNet/datasets/police_bluebase_cvstrict_20260603/train_宁X2553警.jpg
/home/wzzz/LPRNet/datasets/police_bluebase_cvstrict_20260603/train_宁Z2666警.jpg,宁Z2666警,宁,29,train,/home/wzzz/LPRNet/datasets/police_bluebase_cvstrict_20260603/train_宁Z2666警.jpg
/home/wzzz/LPRNet/datasets/police_bluebase_cvstrict_20260603/train_宁E9182警.jpg,宁E9182警,宁,29,train,/home/wzzz/LPRNet/datasets/police_bluebase_cvstrict_20260603/train_宁E9182警.jpg
/home/wzzz/LPRNet/datasets/police_bluebase_cvstrict_20260603/train_宁W8835警.jpg,宁W8835警,宁,29,train,/home/wzzz/LPRNet/datasets/police_bluebase_cvstrict_20260603/train_宁W8835警.jpg
/home/wzzz/LPRNet/datasets/police_bluebase_cvstrict_20260603/train_宁M7564警.jpg,宁M7564警,宁,29,train,/home/wzzz/LPRNet/datasets/police_bluebase_cvstrict_20260603/train_宁M7564警.jpg
/home/wzzz/LPRNet/datasets/police_bluebase_cvstrict_20260603/train_宁B2313警.jpg,宁B2313警,宁,29,train,/home/wzzz/LPRNet/datasets/police_bluebase_cvstrict_20260603/train_宁B2313警.jpg
/home/wzzz/LPRNet/datasets/police_bluebase_cvstrict_20260603/train_宁U0341警.jpg,宁U0341警,宁,29,train,/home/wzzz/LPRNet/datasets/police_bluebase_cvstrict_20260603/train_宁U0341警.jpg
/home/wzzz/LPRNet/datasets/police_bluebase_cvstrict_20260603/train_宁F8958警.jpg,宁F8958警,宁,29,train,/home/wzzz/LPRNet/datasets/police_bluebase_cvstrict_20260603/train_宁F8958警.jpg
/home/wzzz/LPRNet/datasets/police_bluebase_cvstrict_20260603/train_宁Y6278警.jpg,宁Y6278警,宁,29,train,/home/wzzz/LPRNet/datasets/police_bluebase_cvstrict_20260603/train_宁Y6278警.jpg
/home/wzzz/LPRNet/datasets/police_bluebase_cvstrict_20260603/train_宁M7555警.jpg,宁M7555警,宁,29,train,/home/wzzz/LPRNet/datasets/police_bluebase_cvstrict_20260603/train_宁M7555警.jpg
/home/wzzz/LPRNet/datasets/police_bluebase_cvstrict_20260603/train_宁M4020警.jpg,宁M4020警,宁,29,train,/home/wzzz/LPRNet/datasets/police_bluebase_cvstrict_20260603/train_宁M4020警.jpg
/home/wzzz/LPRNet/datasets/police_bluebase_cvstrict_20260603/train_宁L9793警.jpg,宁L9793警,宁,29,train,/home/wzzz/LPRNet/datasets/police_bluebase_cvstrict_20260603/train_宁L9793警.jpg
/home/wzzz/LPRNet/datasets/police_bluebase_cvstrict_20260603/train_宁E1071警.jpg,宁E1071警,宁,29,train,/home/wzzz/LPRNet/datasets/police_bluebase_cvstrict_20260603/train_宁E1071警.jpg
/home/wzzz/LPRNet/datasets/police_bluebase_cvstrict_20260603/train_宁T0108警.jpg,宁T0108警,宁,29,train,/home/wzzz/LPRNet/datasets/police_bluebase_cvstrict_20260603/train_宁T0108警.jpg
/home/wzzz/LPRNet/datasets/police_bluebase_cvstrict_20260603/train_宁B4958警.jpg,宁B4958警,宁,29,train,/home/wzzz/LPRNet/datasets/police_bluebase_cvstrict_20260603/train_宁B4958警.jpg
/home/wzzz/LPRNet/datasets/police_bluebase_cvstrict_20260603/train_宁X9835警.jpg,宁X9835警,宁,29,train,/home/wzzz/LPRNet/datasets/police_bluebase_cvstrict_20260603/train_宁X9835警.jpg
/home/wzzz/LPRNet/datasets/police_bluebase_cvstrict_20260603/train_宁Q8712警.jpg,宁Q8712警,宁,29,train,/home/wzzz/LPRNet/datasets/police_bluebase_cvstrict_20260603/train_宁Q8712警.jpg
/home/wzzz/LPRNet/datasets/police_bluebase_cvstrict_20260603/train_宁C1498警.jpg,宁C1498警,宁,29,train,/home/wzzz/LPRNet/datasets/police_bluebase_cvstrict_20260603/train_宁C1498警.jpg
/home/wzzz/LPRNet/datasets/police_bluebase_cvstrict_20260603/train_宁C1340警.jpg,宁C1340警,宁,29,train,/home/wzzz/LPRNet/datasets/police_bluebase_cvstrict_20260603/train_宁C1340警.jpg
/home/wzzz/LPRNet/datasets/police_bluebase_cvstrict_20260603/train_宁V4967警.jpg,宁V4967警,宁,29,train,/home/wzzz/LPRNet/datasets/police_bluebase_cvstrict_20260603/train_宁V4967警.jpg
/home/wzzz/LPRNet/datasets/police_bluebase_cvstrict_20260603/train_宁B2045警.jpg,宁B2045警,宁,29,train,/home/wzzz/LPRNet/datasets/police_bluebase_cvstrict_20260603/train_宁B2045警.jpg
/home/wzzz/LPRNet/datasets/police_bluebase_cvstrict_20260603/train_宁H8004警.jpg,宁H8004警,宁,29,train,/home/wzzz/LPRNet/datasets/police_bluebase_cvstrict_20260603/train_宁H8004警.jpg
/home/wzzz/LPRNet/datasets/police_bluebase_cvstrict_20260603/train_宁V1478警.jpg,宁V1478警,宁,29,train,/home/wzzz/LPRNet/datasets/police_bluebase_cvstrict_20260603/train_宁V1478警.jpg
/home/wzzz/LPRNet/datasets/police_bluebase_cvstrict_20260603/train_宁W7062警.jpg,宁W7062警,宁,29,train,/home/wzzz/LPRNet/datasets/police_bluebase_cvstrict_20260603/train_宁W7062警.jpg
/home/wzzz/LPRNet/datasets/police_bluebase_cvstrict_20260603/train_宁W4840警.jpg,宁W4840警,宁,29,train,/home/wzzz/LPRNet/datasets/police_bluebase_cvstrict_20260603/train_宁W4840警.jpg
/home/wzzz/LPRNet/datasets/police_bluebase_cvstrict_20260603/train_宁S4071警.jpg,宁S4071警,宁,29,train,/home/wzzz/LPRNet/datasets/police_bluebase_cvstrict_20260603/train_宁S4071警.jpg
/home/wzzz/LPRNet/datasets/police_bluebase_cvstrict_20260603/train_宁P7297警.jpg,宁P7297警,宁,29,train,/home/wzzz/LPRNet/datasets/police_bluebase_cvstrict_20260603/train_宁P7297警.jpg
/home/wzzz/LPRNet/datasets/police_bluebase_cvstrict_20260603/train_宁C7777警.jpg,宁C7777警,宁,29,train,/home/wzzz/LPRNet/datasets/police_bluebase_cvstrict_20260603/train_宁C7777警.jpg
/home/wzzz/LPRNet/datasets/police_bluebase_cvstrict_20260603/train_宁K8175警.jpg,宁K8175警,宁,29,train,/home/wzzz/LPRNet/datasets/police_bluebase_cvstrict_20260603/train_宁K8175警.jpg
/home/wzzz/LPRNet/datasets/police_bluebase_cvstrict_20260603/train_宁L4705警.jpg,宁L4705警,宁,29,train,/home/wzzz/LPRNet/datasets/police_bluebase_cvstrict_20260603/train_宁L4705警.jpg
/home/wzzz/LPRNet/datasets/police_bluebase_cvstrict_20260603/train_宁C6214警.jpg,宁C6214警,宁,29,train,/home/wzzz/LPRNet/datasets/police_bluebase_cvstrict_20260603/train_宁C6214警.jpg
/home/wzzz/LPRNet/datasets/police_bluebase_cvstrict_20260603/train_宁K2659警.jpg,宁K2659警,宁,29,train,/home/wzzz/LPRNet/datasets/police_bluebase_cvstrict_20260603/train_宁K2659警.jpg
/home/wzzz/LPRNet/datasets/police_bluebase_cvstrict_20260603/train_宁L0812警.jpg,宁L0812警,宁,29,train,/home/wzzz/LPRNet/datasets/police_bluebase_cvstrict_20260603/train_宁L0812警.jpg
/home/wzzz/LPRNet/datasets/police_bluebase_cvstrict_20260603/train_宁A7656警.jpg,宁A7656警,宁,29,train,/home/wzzz/LPRNet/datasets/police_bluebase_cvstrict_20260603/train_宁A7656警.jpg
/home/wzzz/LPRNet/datasets/police_bluebase_cvstrict_20260603/train_宁A7697警.jpg,宁A7697警,宁,29,train,/home/wzzz/LPRNet/datasets/police_bluebase_cvstrict_20260603/train_宁A7697警.jpg
/home/wzzz/LPRNet/datasets/police_bluebase_cvstrict_20260603/train_宁J8103警.jpg,宁J8103警,宁,29,train,/home/wzzz/LPRNet/datasets/police_bluebase_cvstrict_20260603/train_宁J8103警.jpg
/home/wzzz/LPRNet/datasets/police_bluebase_cvstrict_20260603/train_宁G0113警.jpg,宁G0113警,宁,29,train,/home/wzzz/LPRNet/datasets/police_bluebase_cvstrict_20260603/train_宁G0113警.jpg
/home/wzzz/LPRNet/datasets/police_bluebase_cvstrict_20260603/train_宁F0446警.jpg,宁F0446警,宁,29,train,/home/wzzz/LPRNet/datasets/police_bluebase_cvstrict_20260603/train_宁F0446警.jpg
/home/wzzz/LPRNet/datasets/police_bluebase_cvstrict_20260603/train_宁J8373警.jpg,宁J8373警,宁,29,train,/home/wzzz/LPRNet/datasets/police_bluebase_cvstrict_20260603/train_宁J8373警.jpg
/home/wzzz/LPRNet/datasets/police_bluebase_cvstrict_20260603/train_宁A1269警.jpg,宁A1269警,宁,29,train,/home/wzzz/LPRNet/datasets/police_bluebase_cvstrict_20260603/train_宁A1269警.jpg
/home/wzzz/LPRNet/datasets/police_bluebase_cvstrict_20260603/train_宁W0133警.jpg,宁W0133警,宁,29,train,/home/wzzz/LPRNet/datasets/police_bluebase_cvstrict_20260603/train_宁W0133警.jpg
/home/wzzz/LPRNet/datasets/police_bluebase_cvstrict_20260603/train_宁C4961警.jpg,宁C4961警,宁,29,train,/home/wzzz/LPRNet/datasets/police_bluebase_cvstrict_20260603/train_宁C4961警.jpg
/home/wzzz/LPRNet/datasets/police_bluebase_cvstrict_20260603/train_新X7038警.jpg,新X7038警,新,30,train,/home/wzzz/LPRNet/datasets/police_bluebase_cvstrict_20260603/train_新X7038警.jpg
/home/wzzz/LPRNet/datasets/police_bluebase_cvstrict_20260603/train_新B4438警.jpg,新B4438警,新,30,train,/home/wzzz/LPRNet/datasets/police_bluebase_cvstrict_20260603/train_新B4438警.jpg
/home/wzzz/LPRNet/datasets/police_bluebase_cvstrict_20260603/train_新Z1698警.jpg,新Z1698警,新,30,train,/home/wzzz/LPRNet/datasets/police_bluebase_cvstrict_20260603/train_新Z1698警.jpg
/home/wzzz/LPRNet/datasets/police_bluebase_cvstrict_20260603/train_新X9992警.jpg,新X9992警,新,30,train,/home/wzzz/LPRNet/datasets/police_bluebase_cvstrict_20260603/train_新X9992警.jpg
/home/wzzz/LPRNet/datasets/police_bluebase_cvstrict_20260603/train_新P2842警.jpg,新P2842警,新,30,train,/home/wzzz/LPRNet/datasets/police_bluebase_cvstrict_20260603/train_新P2842警.jpg
/home/wzzz/LPRNet/datasets/police_bluebase_cvstrict_20260603/train_新L6047警.jpg,新L6047警,新,30,train,/home/wzzz/LPRNet/datasets/police_bluebase_cvstrict_20260603/train_新L6047警.jpg
/home/wzzz/LPRNet/datasets/police_bluebase_cvstrict_20260603/train_新A6725警.jpg,新A6725警,新,30,train,/home/wzzz/LPRNet/datasets/police_bluebase_cvstrict_20260603/train_新A6725警.jpg
/home/wzzz/LPRNet/datasets/police_bluebase_cvstrict_20260603/train_新H3127警.jpg,新H3127警,新,30,train,/home/wzzz/LPRNet/datasets/police_bluebase_cvstrict_20260603/train_新H3127警.jpg
/home/wzzz/LPRNet/datasets/police_bluebase_cvstrict_20260603/train_新S7195警.jpg,新S7195警,新,30,train,/home/wzzz/LPRNet/datasets/police_bluebase_cvstrict_20260603/train_新S7195警.jpg
/home/wzzz/LPRNet/datasets/police_bluebase_cvstrict_20260603/train_新B5568警.jpg,新B5568警,新,30,train,/home/wzzz/LPRNet/datasets/police_bluebase_cvstrict_20260603/train_新B5568警.jpg
/home/wzzz/LPRNet/datasets/police_bluebase_cvstrict_20260603/train_新M6285警.jpg,新M6285警,新,30,train,/home/wzzz/LPRNet/datasets/police_bluebase_cvstrict_20260603/train_新M6285警.jpg
/home/wzzz/LPRNet/datasets/police_bluebase_cvstrict_20260603/train_新J6860警.jpg,新J6860警,新,30,train,/home/wzzz/LPRNet/datasets/police_bluebase_cvstrict_20260603/train_新J6860警.jpg
/home/wzzz/LPRNet/datasets/police_bluebase_cvstrict_20260603/train_新A4712警.jpg,新A4712警,新,30,train,/home/wzzz/LPRNet/datasets/police_bluebase_cvstrict_20260603/train_新A4712警.jpg
/home/wzzz/LPRNet/datasets/police_bluebase_cvstrict_20260603/train_新T6601警.jpg,新T6601警,新,30,train,/home/wzzz/LPRNet/datasets/police_bluebase_cvstrict_20260603/train_新T6601警.jpg
/home/wzzz/LPRNet/datasets/police_bluebase_cvstrict_20260603/train_新T0937警.jpg,新T0937警,新,30,train,/home/wzzz/LPRNet/datasets/police_bluebase_cvstrict_20260603/train_新T0937警.jpg
/home/wzzz/LPRNet/datasets/police_bluebase_cvstrict_20260603/train_新A4353警.jpg,新A4353警,新,30,train,/home/wzzz/LPRNet/datasets/police_bluebase_cvstrict_20260603/train_新A4353警.jpg
/home/wzzz/LPRNet/datasets/police_bluebase_cvstrict_20260603/train_新M0714警.jpg,新M0714警,新,30,train,/home/wzzz/LPRNet/datasets/police_bluebase_cvstrict_20260603/train_新M0714警.jpg
/home/wzzz/LPRNet/datasets/police_bluebase_cvstrict_20260603/train_新X5138警.jpg,新X5138警,新,30,train,/home/wzzz/LPRNet/datasets/police_bluebase_cvstrict_20260603/train_新X5138警.jpg
/home/wzzz/LPRNet/datasets/police_bluebase_cvstrict_20260603/train_新G1614警.jpg,新G1614警,新,30,train,/home/wzzz/LPRNet/datasets/police_bluebase_cvstrict_20260603/train_新G1614警.jpg
/home/wzzz/LPRNet/datasets/police_bluebase_cvstrict_20260603/train_新J6602警.jpg,新J6602警,新,30,train,/home/wzzz/LPRNet/datasets/police_bluebase_cvstrict_20260603/train_新J6602警.jpg
/home/wzzz/LPRNet/datasets/police_bluebase_cvstrict_20260603/train_新N9167警.jpg,新N9167警,新,30,train,/home/wzzz/LPRNet/datasets/police_bluebase_cvstrict_20260603/train_新N9167警.jpg
/home/wzzz/LPRNet/datasets/police_bluebase_cvstrict_20260603/train_新M8818警.jpg,新M8818警,新,30,train,/home/wzzz/LPRNet/datasets/police_bluebase_cvstrict_20260603/train_新M8818警.jpg
/home/wzzz/LPRNet/datasets/police_bluebase_cvstrict_20260603/train_新S8597警.jpg,新S8597警,新,30,train,/home/wzzz/LPRNet/datasets/police_bluebase_cvstrict_20260603/train_新S8597警.jpg
/home/wzzz/LPRNet/datasets/police_bluebase_cvstrict_20260603/train_新H5642警.jpg,新H5642警,新,30,train,/home/wzzz/LPRNet/datasets/police_bluebase_cvstrict_20260603/train_新H5642警.jpg
/home/wzzz/LPRNet/datasets/police_bluebase_cvstrict_20260603/train_新T1995警.jpg,新T1995警,新,30,train,/home/wzzz/LPRNet/datasets/police_bluebase_cvstrict_20260603/train_新T1995警.jpg
/home/wzzz/LPRNet/datasets/police_bluebase_cvstrict_20260603/train_新Z1402警.jpg,新Z1402警,新,30,train,/home/wzzz/LPRNet/datasets/police_bluebase_cvstrict_20260603/train_新Z1402警.jpg
/home/wzzz/LPRNet/datasets/police_bluebase_cvstrict_20260603/train_新S1122警.jpg,新S1122警,新,30,train,/home/wzzz/LPRNet/datasets/police_bluebase_cvstrict_20260603/train_新S1122警.jpg
/home/wzzz/LPRNet/datasets/police_bluebase_cvstrict_20260603/train_新V4630警.jpg,新V4630警,新,30,train,/home/wzzz/LPRNet/datasets/police_bluebase_cvstrict_20260603/train_新V4630警.jpg
/home/wzzz/LPRNet/datasets/police_bluebase_cvstrict_20260603/train_新S4978警.jpg,新S4978警,新,30,train,/home/wzzz/LPRNet/datasets/police_bluebase_cvstrict_20260603/train_新S4978警.jpg
/home/wzzz/LPRNet/datasets/police_bluebase_cvstrict_20260603/train_新P5179警.jpg,新P5179警,新,30,train,/home/wzzz/LPRNet/datasets/police_bluebase_cvstrict_20260603/train_新P5179警.jpg
/home/wzzz/LPRNet/datasets/police_bluebase_cvstrict_20260603/train_新C4480警.jpg,新C4480警,新,30,train,/home/wzzz/LPRNet/datasets/police_bluebase_cvstrict_20260603/train_新C4480警.jpg
/home/wzzz/LPRNet/datasets/police_bluebase_cvstrict_20260603/train_新G1558警.jpg,新G1558警,新,30,train,/home/wzzz/LPRNet/datasets/police_bluebase_cvstrict_20260603/train_新G1558警.jpg
/home/wzzz/LPRNet/datasets/police_bluebase_cvstrict_20260603/train_新P3968警.jpg,新P3968警,新,30,train,/home/wzzz/LPRNet/datasets/police_bluebase_cvstrict_20260603/train_新P3968警.jpg
/home/wzzz/LPRNet/datasets/police_bluebase_cvstrict_20260603/train_新B8887警.jpg,新B8887警,新,30,train,/home/wzzz/LPRNet/datasets/police_bluebase_cvstrict_20260603/train_新B8887警.jpg
/home/wzzz/LPRNet/datasets/police_bluebase_cvstrict_20260603/train_新Q6435警.jpg,新Q6435警,新,30,train,/home/wzzz/LPRNet/datasets/police_bluebase_cvstrict_20260603/train_新Q6435警.jpg
/home/wzzz/LPRNet/datasets/police_bluebase_cvstrict_20260603/train_新Q8861警.jpg,新Q8861警,新,30,train,/home/wzzz/LPRNet/datasets/police_bluebase_cvstrict_20260603/train_新Q8861警.jpg
/home/wzzz/LPRNet/datasets/police_bluebase_cvstrict_20260603/train_新F3802警.jpg,新F3802警,新,30,train,/home/wzzz/LPRNet/datasets/police_bluebase_cvstrict_20260603/train_新F3802警.jpg
/home/wzzz/LPRNet/datasets/police_bluebase_cvstrict_20260603/train_新H5515警.jpg,新H5515警,新,30,train,/home/wzzz/LPRNet/datasets/police_bluebase_cvstrict_20260603/train_新H5515警.jpg
/home/wzzz/LPRNet/datasets/police_bluebase_cvstrict_20260603/train_新F5802警.jpg,新F5802警,新,30,train,/home/wzzz/LPRNet/datasets/police_bluebase_cvstrict_20260603/train_新F5802警.jpg
/home/wzzz/LPRNet/datasets/police_bluebase_cvstrict_20260603/train_新F3355警.jpg,新F3355警,新,30,train,/home/wzzz/LPRNet/datasets/police_bluebase_cvstrict_20260603/train_新F3355警.jpg
/home/wzzz/LPRNet/datasets/police_bluebase_cvstrict_20260603/train_新Z4181警.jpg,新Z4181警,新,30,train,/home/wzzz/LPRNet/datasets/police_bluebase_cvstrict_20260603/train_新Z4181警.jpg
/home/wzzz/LPRNet/datasets/police_bluebase_cvstrict_20260603/train_新S3640警.jpg,新S3640警,新,30,train,/home/wzzz/LPRNet/datasets/police_bluebase_cvstrict_20260603/train_新S3640警.jpg
/home/wzzz/LPRNet/datasets/police_bluebase_cvstrict_20260603/train_新H4382警.jpg,新H4382警,新,30,train,/home/wzzz/LPRNet/datasets/police_bluebase_cvstrict_20260603/train_新H4382警.jpg
/home/wzzz/LPRNet/datasets/police_bluebase_cvstrict_20260603/train_新T7868警.jpg,新T7868警,新,30,train,/home/wzzz/LPRNet/datasets/police_bluebase_cvstrict_20260603/train_新T7868警.jpg
/home/wzzz/LPRNet/datasets/police_bluebase_cvstrict_20260603/train_新E2756警.jpg,新E2756警,新,30,train,/home/wzzz/LPRNet/datasets/police_bluebase_cvstrict_20260603/train_新E2756警.jpg
/home/wzzz/LPRNet/datasets/police_bluebase_cvstrict_20260603/train_新G5440警.jpg,新G5440警,新,30,train,/home/wzzz/LPRNet/datasets/police_bluebase_cvstrict_20260603/train_新G5440警.jpg
/home/wzzz/LPRNet/datasets/police_bluebase_cvstrict_20260603/train_新R7342警.jpg,新R7342警,新,30,train,/home/wzzz/LPRNet/datasets/police_bluebase_cvstrict_20260603/train_新R7342警.jpg
/home/wzzz/LPRNet/datasets/police_bluebase_cvstrict_20260603/train_新W7275警.jpg,新W7275警,新,30,train,/home/wzzz/LPRNet/datasets/police_bluebase_cvstrict_20260603/train_新W7275警.jpg
/home/wzzz/LPRNet/datasets/police_bluebase_cvstrict_20260603/train_新K0391警.jpg,新K0391警,新,30,train,/home/wzzz/LPRNet/datasets/police_bluebase_cvstrict_20260603/train_新K0391警.jpg
/home/wzzz/LPRNet/datasets/police_bluebase_cvstrict_20260603/train_新M8535警.jpg,新M8535警,新,30,train,/home/wzzz/LPRNet/datasets/police_bluebase_cvstrict_20260603/train_新M8535警.jpg
